kind,key,source,line,render_type,layer,parameters,directives,dependencies,effect_calls
particle,general_white_circle,__main.particle,25,CIRCLE,,,,,
particle,general_white_circle_l,__main.particle,44,,,,CLONE,general_white_circle,
timeline,general_circle_t,__main.particle,53,,,cx;cy;maxt;saf,,general_circle_dot,
particle,general_circle_t,__main.particle,62,CIRCLE,TOP,,,,
particle,general_circle_dot,__main.particle,79,DOT,TOP,,,,
particle,foot_leaf,__main.particle,101,LEAF,NORMAL,,,,
particle,foot_water,__main.particle,154,WATER_SPLASH,NORMAL,,CLONE,foot_leaf,
particle,foot_water_splash_dot,__main.particle,195,DOT,ADD,,CLONE,foot_water,
particle,chip_water_splash_dot,__main.particle,218,,TOP_ADD,,CLONE,foot_water_splash_dot,
particle,run_start_sunabokori,__main.particle,243,SUNABOKORI,NORMAL,,,,
particle,run_end_sunabokori,__main.particle,268,SUNABOKORI,NORMAL,,,,
particle,evade_sunabokori,__main.particle,293,,,,CLONE,run_end_sunabokori,
timeline,evade_init,__main.particle,302,,,aim_agR;cnt;foot_exist;maxt;mbottom;x;y,CALCPOS;EFT;PVIB;SND;WAIT,evade_sunabokori,dash_afterimage
timeline,sliding_sunabokori,__main.particle,326,,,aim_agR;cnt;foot_exist;mbottom;x,CALCPOS;SND;WAIT,,
timeline,slopeslide_sunabokori,__main.particle,346,,,agR;ax;cnt;foot_exist;mbottom;x,CALCPOS;SND;WAIT,run_start_sunabokori,
particle,sliding_sunabokori,__main.particle,364,,,,CLONE,run_end_sunabokori,
timeline,hit_tackle_wall,__main.particle,377,,,ax;x;y,SND,hit_tackle_wall_circle;hit_tackle_wall_dot,
timeline,hit_tackle_hard_enemy,__main.particle,384,,,ax;x;y,SND,hit_tackle_wall_circle;hit_tackle_wall_dot,
timeline,hit_shotgun_wall,__main.particle,391,,,ax;x;y,SND,hit_shotgun_wall_circle;hit_shotgun_wall_dot,
particle,hit_tackle_wall_circle,__main.particle,400,BOMBCIRCLE,TOP,,,,
particle,hit_tackle_wall_dot,__main.particle,429,LINE,TOP,,,,
particle,hit_shotgun_wall_circle,__main.particle,452,,,,CLONE,hit_tackle_wall_circle,
particle,hit_shotgun_wall_dot,__main.particle,458,,,,CLONE,hit_tackle_wall_dot,
particle,gacha_release,__main.particle,465,CIRCLE,,,,,
particle,ui_saved,__main.particle,488,CIRCLE,,,,,
particle,wmng_fall_inject,__main.particle,517,OVAL,TOP,,,,
particle,wmng_fall_hit,__main.particle,564,OVAL,TOP,,,,
timeline,water_choked,__main.particle,608,,,mx;my,SND,water_choked_bubble,
timeline,water_choked_s,__main.particle,615,,,mx;my,SND,water_choked_bubble,
timeline,water_choked_s_in_stomach,__main.particle,621,,,mx;my,SND,water_choked_bubble_in_absorb,
particle,water_choked_bubble,__main.particle,628,BUBBLE_S,TOP_ADD,,,,
particle,water_choked_bubble_in_absorb,__main.particle,654,,,,CLONE,water_choked_bubble,
particle,ui_popper_click,__main.particle,665,CIRCLE,,,,,
particle,ui_enhancer_act,__main.particle,685,CIRCLE,,,,,
particle,alchemy_insert,__main.particle,711,POLYGON,,,,,
particle,alchemy_success,__main.particle,735,SURIKEN,,,,,
particle,alchemy_trm_ssc_charge,__main.particle,762,CIRCLE,,,,,
particle,alchemy_trm_ssc_aft_circle,__main.particle,781,CIRCLE,,,,,
particle,alchemy_trm_ssc_aft_success,__main.particle,794,HEART,,,,,
particle,alchemy_trm_ssc_aft_failure,__main.particle,814,HEART,,,,,
timeline,reel_obtain_appear,__main.particle,844,,,delay;maxt,SND,reel_obtain_circle;reel_obtain_flash;reel_obtain_star,
particle,reel_obtain_star,__main.particle,856,ANIMKIRA,TOP_ADD,,,,
particle,reel_obtain_flash,__main.particle,882,BLURCIRCLE,TOP_ADD,,,,
particle,reel_obtain_circle,__main.particle,914,CIRCLE,TOP_ADD,,,,
particle,reel_normal_circle,__main.particle,937,BLURCIRCLE,,,,,
timeline,reel_decided,__main.particle,971,,,h;w,,reel_decided_dot;reel_decided_rect_f;reel_decided_rect_t,
particle,reel_decided_dot,__main.particle,981,DOT,,,,,
particle,reel_decided_rect_f,__main.particle,1005,HRECT,TOP_ADD,,,,
particle,reel_decided_rect_t,__main.particle,1022,,,,CLONE,reel_decided_rect_f,
timeline,reel_decide_ik_grade,__main.particle,1040,,,cx;cy,,reel_decide_grade_star,
particle,reel_decide_grade_star,__main.particle,1046,SURIKEN,TOP_ADD,,,,
timeline,reel_decide_ik_count_add,__main.particle,1071,,,cx;cy,,reel_decide_count_add_door,
particle,reel_decide_count_add_door,__main.particle,1077,DOORLINE,TOP,,,,
timeline,reel_decide_ik_count_mul,__main.particle,1105,,,cx;cy,,reel_decide_count_mul_cross,
particle,reel_decide_count_mul_cross,__main.particle,1110,DAIA,TOP,,,,
timeline,reel_decide_ik_add_money,__main.particle,1138,,,cx;cy,SND,reel_decide_money_kira,
particle,reel_decide_money_kira,__main.particle,1144,,,,CLONE,get_coin_unikira,
timeline,reel_mbox_decide,__main.particle,1154,,,color;cx;cy,WAIT,reel_mbox_decide_circle;reel_mbox_decide_halo;reel_mbox_decide_kira,
particle,reel_mbox_decide_circle,__main.particle,1164,BLURCIRCLE,TOP_ADD,,,,
particle,reel_mbox_decide_kira,__main.particle,1181,ANIMKIRA,TOP_ADD,,,,
particle,reel_mbox_decide_halo,__main.particle,1200,HALO,TOP_ADD,,,,
timeline,reel_disappear,__main.particle,1219,,,,SND;WAIT,reel_disappear_doorline;reel_disappear_smoke,
particle,reel_disappear_doorline,__main.particle,1226,DOORLINE,,,,,
particle,reel_disappear_smoke,__main.particle,1242,SMOKE_L,,,,,
timeline,ui_use_item,__main.particle,1262,,,,,,
particle,ui_use_item,__main.particle,1267,HALO,TOP_ADD,,,,
timeline,ui_use_food,__main.particle,1294,,,,SND,,
particle,ui_use_food,__main.particle,1300,,TOP,,CLONE,ui_use_item,
timeline,ui_use_item_inventory_expand,__main.particle,1316,,,,SND,inventory_expand_star,
particle,inventory_expand_star,__main.particle,1322,,TOP,,CLONE,reel_decide_grade_star,
timeline,Ptc250203,__main.particle,1335,,,,,,
particle,_Ptc250203,__main.particle,1340,,,,,,
timeline,Ptc250715,__main.particle,1366,,,,WAIT,_Ptc250715,
particle,_Ptc250715,__main.particle,1371,BLURCIRCLE,,,,,
particle,revealstar_prehalo,__main.particle,1394,UNIBRIGHT,,,,,
particle,revealstar_aftcircle,__main.particle,1421,BLURCIRCLE,,,,,
particle,revealstar_aftkira,__main.particle,1439,ANIMKIRA,,,,,
timeline,pr_cane_swing,attack.particle,1,,,_sagR;ax;cx;cy;ef_name;lax;mg;shift,EF;SND;WAIT,pr_cane_dot_10;pr_cane_dot_20;pr_cane_dot_30;pr_cane_dot_40,cane_swing;cane_swing_mg
particle,pr_cane_dot_30,attack.particle,57,DOT,,,,,
particle,pr_cane_dot_20,attack.particle,96,,,,CLONE,pr_cane_dot_30,
particle,pr_cane_dot_10,attack.particle,105,,,,CLONE,pr_cane_dot_30,
particle,pr_cane_dot_40,attack.particle,114,,,,CLONE,pr_cane_dot_30,
particle,___pr_cane_dot_b_MERGE,attack.particle,124,,,,,,
particle,pr_cane_dot_30b,attack.particle,139,,,,CLONE;MERGE,___pr_cane_dot_b_MERGE;pr_cane_dot_30,
particle,pr_cane_dot_20b,attack.particle,142,,,,CLONE;MERGE,___pr_cane_dot_b_MERGE;pr_cane_dot_20,
particle,pr_cane_dot_10b,attack.particle,145,,,,CLONE;MERGE,___pr_cane_dot_b_MERGE;pr_cane_dot_10,
particle,pr_cane_dot_40b,attack.particle,148,,,,CLONE;MERGE,___pr_cane_dot_b_MERGE;pr_cane_dot_40,
particle,___pr_cane_dot_r_MERGE,attack.particle,152,POLYGON,ADD,,,,
particle,pr_cane_dot_30r,attack.particle,182,,,,CLONE;MERGE,___pr_cane_dot_r_MERGE;pr_cane_dot_30,
particle,pr_cane_dot_20r,attack.particle,185,,,,CLONE;MERGE,___pr_cane_dot_r_MERGE;pr_cane_dot_20,
particle,pr_cane_dot_10r,attack.particle,188,,,,CLONE;MERGE,___pr_cane_dot_r_MERGE;pr_cane_dot_10,
particle,pr_cane_dot_40r,attack.particle,191,,,,CLONE;MERGE,___pr_cane_dot_r_MERGE;pr_cane_dot_40,
particle,pr_cane_elec,attack.particle,198,ELEC,ADD,,,,
particle,pr_cane_elec_r,attack.particle,243,,,,CLONE,pr_cane_elec,
timeline,pr_cane_hit,attack.particle,254,,,_sagR;ax;hit_x;hit_y,PVIB;SND,pr_cane_hit_dot_l;pr_cane_hit_dot_r;pr_cane_hit_halo_l;pr_cane_hit_halo_r;pr_cane_hit_small_halo,
timeline,pr_comet_hit,attack.particle,271,,,_sagR;hit_x;hit_y,PVIB;SND,pr_cane_hit_dot_t;pr_cane_hit_halo_l;pr_cane_hit_halo_r;pr_cane_hit_small_halo,
particle,pr_cane_hit_halo_r,attack.particle,284,HALO,NORMAL,,,,
particle,pr_cane_hit_halo_l,attack.particle,321,,,,CLONE,pr_cane_hit_halo_r,
timeline,pr_sliding_hit,attack.particle,331,,,hit_x;hit_y,PVIB;SND,pr_sliding_halo;pr_sliding_halo2,
particle,pr_sliding_halo,attack.particle,341,,ADD,,CLONE,pr_cane_hit_halo_l,
particle,pr_sliding_halo2,attack.particle,370,,NORMAL,,CLONE,pr_sliding_halo,
particle,pr_cane_hit_dot_r,attack.particle,386,POLYGON,ADD,,,,
particle,pr_cane_hit_dot_l,attack.particle,413,,,,CLONE,pr_cane_hit_dot_r,
particle,pr_cane_hit_dot_t,attack.particle,419,,,,CLONE,pr_cane_hit_dot_r,
particle,pr_cane_hit_small_halo,attack.particle,427,,ADD,,CLONE,pr_hits_halo,
timeline,hit_parry,attack.particle,457,,,hagR;hx;hy,PVIB,hit_parry_circle;hit_parry_dot;hit_parry_halo,
particle,hit_parry_circle,attack.particle,467,BLURPOLYGON,SUB,,,,
particle,hit_parry_dot,attack.particle,502,DOT,TOP,,,,
particle,hit_parry_halo,attack.particle,531,,TOP_ADD,,CLONE,pr_cane_hit_small_halo,
timeline,wheel_ground_bump,attack.particle,552,,,_ex_min;_slen_max;cx;cy,PVIB;SND,ground_bump_smoke_l;ground_bump_smoke_r;wheel_ground_halo,
timeline,wheel_ground_bounce,attack.particle,563,,,_agR;ax;cx;cy;x,PVIB;SND,wheel_ground_halo,
particle,wheel_ground_halo,attack.particle,573,,TOP,,CLONE,pr_cane_hit_small_halo,
timeline,pr_wheel_hit,attack.particle,601,,,_agR;hit_x;hit_y,PVIB;SND,wheel_hit_circle;wheel_hit_halo,
particle,wheel_hit_halo,attack.particle,613,,TOP,,CLONE,pr_cane_hit_small_halo,
particle,wheel_hit_circle,attack.particle,638,POLYGON,TOP,,,,
timeline,wheel_fly,attack.particle,673,,,ax;cx;cy,DATAC;EF;SND;WAIT,,pr_wheel_cyclone
timeline,wheel_fly_shotgun,attack.particle,682,,,ax;cx;cy,DATAC;EF;SND;WAIT,pr_wheel_stars,pr_wheel_cyclone;pr_wheel_cyclone_b
particle,pr_wheel_stars,attack.particle,695,ANIMKIRA,TOP_ADD,,,,
timeline,comet_fly,attack.particle,732,,,cx;cy,DATAC;EFT;PVIB;SND,pr_backstep_halo,comet_afterimage
timeline,comet_fly_shotgun,attack.particle,741,,,cx;cy,DATAC;EFT;PVIB;SND;WAIT,pr_comet_stars;pr_shotgun_backstep_halo,comet_afterimage
particle,pr_comet_stars,attack.particle,755,ANIMKIRA,TOP_ADD,,,,
timeline,comet_ground_bump,attack.particle,785,,,_ex_min;_slen_max;by;cx,PVIB;SND,ground_bump_smoke_l;ground_bump_smoke_r;wheel_ground_halo,
particle,pr_backstep_halo,attack.particle,797,,TOP,,CLONE,enemy_backstep_halo,
particle,pr_shotgun_backstep_halo,attack.particle,813,,TOP_ADD,,CLONE,pr_backstep_halo,
timeline,guard_bush_apply,attack.particle,826,,,applyt;maxt;radius,EF;PVIB;SND_ACT;WAIT,guard_bush_circle_0;guard_bush_circle_1;guard_bush_reanimate;guard_bush_tri_0;guard_bush_tri_line,
particle,guard_bush_circle_0,attack.particle,842,BLURCIRCLE,ADD,,,,
particle,guard_bush_circle_1,attack.particle,858,BLURCIRCLE,ADD,,,,
particle,guard_bush_tri_0,attack.particle,878,POLYGON,TOP_ADD,,,,
particle,guard_bush_tri_line,attack.particle,899,,,,CLONE,guard_bush_tri_0,
particle,guard_bush_reanimate,attack.particle,906,,,,CLONE,magic_casting_line_t,
timeline,shield_lariat_init,attack.particle,915,,,cx;cy,PVIB;SND,shield_lariat_init_kira,
particle,shield_lariat_init_kira,attack.particle,921,HALO,TOP_ADD,,,,
timeline,shield_lariat_atk,attack.particle,941,,,ax;cx;cy;z,,shield_lariat_atk_kira;shield_lariat_atk_kira_r;shield_lariat_halo,
particle,shield_lariat_atk_kira,attack.particle,950,ANIMKIRA,TOP_ADD,,,,
particle,shield_lariat_atk_kira_r,attack.particle,978,,,,CLONE,shield_lariat_atk_kira,
particle,shield_lariat_halo,attack.particle,986,,TOP_ADD,,CLONE,enemy_backstep_halo,
timeline,hit_shield_atk,attack.particle,1003,,,hit_x;hit_y,SND,hit_shield_atk_circle;hit_shield_atk_circle_t,
particle,hit_shield_atk_circle,attack.particle,1011,CIRCLE,TOP_ADD,,,,
particle,hit_shield_atk_circle_t,attack.particle,1029,,,,CLONE,hit_shield_atk_circle,
timeline,dashpunch_inner,attack.particle,1040,,,agR;ax;cpos;cx;cy,SND,dashpunch_dot;dashpunch_halo;dashpunch_halo_center;dashpunch_halo_center_b,
timeline,dashpunch,attack.particle,1052,,,,MERGE;WAIT,dashpunch_inner,
particle,dashpunch_halo,attack.particle,1059,HALO,,,,,
particle,dashpunch_dot,attack.particle,1090,DOT,TOP,,CLONE,dashpunch_halo,
particle,dashpunch_halo_center,attack.particle,1106,,TOP,,CLONE,dashpunch_halo,
particle,dashpunch_halo_center_b,attack.particle,1121,,TOP_SUB,,CLONE,dashpunch_halo_center,
timeline,dashpunch_shotgun_inner,attack.particle,1132,,,agR;ax;cpos;cx;cy;msx,SND,dashpunch_shotgun_dot;dashpunch_shotgun_elec;dashpunch_shotgun_halo;dashpunch_shotgun_halo_center;dashpunch_shotgun_halo_center_b,
timeline,dashpunch_shotgun,attack.particle,1148,,,,MERGE;WAIT,dashpunch_shotgun_inner,
particle,dashpunch_shotgun_halo,attack.particle,1154,,ADD,,CLONE,dashpunch_halo,
particle,dashpunch_shotgun_dot,attack.particle,1161,,TOP_ADD,,CLONE,dashpunch_dot,
particle,dashpunch_shotgun_halo_center,attack.particle,1169,,TOP_ADD,,CLONE,dashpunch_halo_center,
particle,dashpunch_shotgun_halo_center_b,attack.particle,1176,,,,CLONE,dashpunch_halo_center_b,
particle,dashpunch_shotgun_elec,attack.particle,1182,ELEC_LINE,ADD,,,,
timeline,smash_prepare,attack.particle,1217,,,cx;cy;is_shotgun,QU_HANDSHAKE;QU_SINV2;QU_VIB;SND,smash_prepare_smoke,
particle,smash_prepare_smoke,attack.particle,1237,SMOKE_L,TOP,,,,
timeline,smash_attack,attack.particle,1267,,,ax;cx;msx,MERGE;QU_SINH;QU_VIB;WAIT,dashpunch_inner,
timeline,smash_shotgun_attack,attack.particle,1282,,,ax;cx;msx,MERGE;QU_SINH;QU_VIB;SND;WAIT,dashpunch_shotgun_inner,
timeline,sway_sliding_activate,attack.particle,1296,,,applyt;cx;cy;maxt,SND;WAIT,sway_sliding_activate_circle;sway_sliding_kira;sway_sliding_recharge_circle,
particle,sway_sliding_activate_circle,attack.particle,1308,CIRCLE,TOP,,,,
particle,sway_sliding_kira,attack.particle,1328,,,,CLONE,get_coin_unikira_base,
particle,sway_sliding_recharge_circle,attack.particle,1345,SHOCKRIPPLE_C,TOP,,,,
timeline,justguard_prepare,attack.particle,1375,,,cx;cy;time;w,WAIT,justguard_prepare_daia,
particle,justguard_prepare_daia,attack.particle,1383,BLURCIRCLE,TOP_ADD,,,,
timeline,shield_explode,attack.particle,1411,,,cx;cy,QU_SINV2;QU_VIB;SND;WAIT,shield_explode_halo,
particle,shield_explode_halo,attack.particle,1420,,TOP_SUB,,CLONE,enemyod_appear_halo,
timeline,evade_counter_prepare,attack.particle,1438,,,_e;cx;cy,DEFINE_EVADECOUNTER_ENABLED;MYPOS;WAIT,evade_counter_prepare_stars,
particle,evade_counter_prepare_stars,attack.particle,1450,,,,CLONE,pr_wheel_stars,
timeline,evadecounter_atk_prepare0,attack.particle,1463,,,,SND,,
timeline,evadecounter_atk_prepare1,attack.particle,1469,,,,SND,,
timeline,evadecounter_attack,attack.particle,1475,,,_agd;ax;cx;cy;is_shotgun;len,AGD;PVIB;QU_HANDSHAKE;QU_SINV;QU_VIB;SND,evadecounter_attack_circle,
particle,evadecounter_attack_circle,attack.particle,1497,HALO,TOP,,,,
attack_ghost,evadecounter_attack0,attack.particle,1534,,,,,,
attack_ghost,evadecounter_attack1,attack.particle,1551,,,,,,
timeline,evade_jump,attack.particle,1572,,,cx;cy,MYPOS;SND;WAIT,evade_jump_kira,
particle,evade_jump_kira,attack.particle,1581,ANIMKIRA,TOP_ADD,,,,
timeline,evade_jump_deperture,attack.particle,1600,,,cx;cy,WAIT,evade_jump_deperture_circle;evade_jump_deperture_halo,
particle,evade_jump_deperture_circle,attack.particle,1609,BLURCIRCLE,TOP_ADD,,,,
particle,evade_jump_deperture_halo,attack.particle,1627,HALO,TOP_ADD,,,,
timeline,evade_jump_moving,attack.particle,1647,,,agR;cx;cy,EFT,pr_backstep_halo,dash_afterimage
timeline,evade_jump_execute,attack.particle,1654,,,cx;cy,EFT;SND,evade_jump_deperture_circle;evade_jump_execute_dot;shield_deactivate_doorbit,post_fireball_sphere
particle,evade_jump_execute_dot,attack.particle,1662,POLYGON,TOP_ADD,,,,
timeline,shinebooster_tackle,attack_alice.particle,1,,,agR;ax;cx;cy,FOLLOW;MYPOS;QU_VIB;SND;WAIT,shinebooster_burst_first_blurcircle_s;shinebooster_crouch_elec;shinebooster_halo;shinebooster_tackle_elec;shinebooster_tackle_elec_s,
particle,shinebooster_tackle_elec,attack_alice.particle,26,ELEC,TOP_ADD,,,,
particle,shinebooster_tackle_elec_s,attack_alice.particle,50,,SUB,,CLONE,shinebooster_tackle_elec,
particle,shinebooster_halo,attack_alice.particle,57,HALO,TOP_ADD,,,,
timeline,shinebooster_crouch,attack_alice.particle,90,,,cx;cy,FOLLOW;MYPOS;QU_SINV;QU_VIB;SND;WAIT,shinebooster_burst_first_blurcircle_s;shinebooster_crouch_elec;shinebooster_crouch_halo;shinebooster_tackle_elec;shinebooster_tackle_elec_s,
particle,shinebooster_crouch_halo,attack_alice.particle,113,,,,CLONE,shinebooster_halo,
particle,shinebooster_crouch_elec,attack_alice.particle,134,,,,CLONE,shinebooster_tackle_elec,
particle,shinebooster_trigger_circle,attack_alice.particle,154,,,,CLONE,roaper_atk0_charge_circle,
particle,shinebooster_trigger_line,attack_alice.particle,163,,,,CLONE,roaper_atk0_charge_line,
timeline,shinebooster_tackle_te,attack_alice.particle,186,,,,TE_COLORBLINK_ADD;WAIT,,
timeline,shinebooster_trigger,attack_alice.particle,196,,,by;cx;cy;da;i,DATAD;FOLLOW;QU_HANDSHAKE;QU_VIB;SND;WAIT,ground_bump_smoke_l;ground_bump_smoke_r;shinebooster_tackle_elec;shinebooster_tackle_elec_s;shinebooster_trigger_circle;shinebooster_trigger_line,
timeline,shinebooster_trigger_te,attack_alice.particle,224,,,i,TE_COLORBLINK_ADD;WAIT,,
timeline,shinebooster_burst,attack_alice.particle,235,,,agR;cx;cy,EFT;FOLLOW;MYPOS;QU_HANDSHAKE;QU_SINV2;QU_VIB2;SND;WAIT,shinebooster_burst_bezier_line;shinebooster_burst_first_blurcircle;shinebooster_burst_halo;shinebooster_burst_hold_halo,flash
particle,shinebooster_burst_first_blurcircle,attack_alice.particle,262,BLURCIRCLE,TOP_ADD,,,,
particle,shinebooster_burst_first_blurcircle_s,attack_alice.particle,276,,,,CLONE,shinebooster_burst_first_blurcircle,
particle,shinebooster_burst_bezier_line,attack_alice.particle,282,STROKE,TOP_ADD,,,,
particle,shinebooster_burst_halo,attack_alice.particle,309,,,,CLONE,shinebooster_halo,
particle,shinebooster_burst_hold_halo,attack_alice.particle,320,,,,CLONE,shinebooster_halo,
timeline,shinebooster_hitwall,attack_alice.particle,337,,,agR;cx;cy;oR,QU_HANDSHAKE;QU_SINV;QU_VIB;SND,pr_shotgun_backstep_halo;shinebooster_hitwall_smoke;shinebooster_hiwall_halo,
particle,shinebooster_hitwall_smoke,attack_alice.particle,350,SMOKE_L,,,,,
particle,shinebooster_hiwall_halo,attack_alice.particle,374,,,,CLONE,shinebooster_halo,
timeline,prko_ground,damage.particle,1,,,,PVIB_DMG;SND,,
timeline,hits,damage.particle,7,,,_rand_rot;_rand_y;_size;attr;ax;bodyagR;centerpr;cx;cy;hipx;hipy;hit_x;hit_y;mbottom;mleft;mright;mtop;raim_agR;rot_agR;y,CALCPOS;CALC_BODY_AGR;EF;GET_LOCK_MGATTR;HIPPOS;HOLD;PVIB_DMG;SET_LOCK_MGATTR;SND;WAIT,absorb_atk_basic;burned_pr_smoke_w;dmg_bite_circle_0;dmg_bite_circle_1;frozen_gacha_dot;hit_acme_circle;hit_acme_circle_f;hit_frozen_line;pr_burned_poly;pr_burned_poly_t;pr_hit_dust;pr_hit_dust_thunder;pr_hit_grab;pr_hit_grab_b;pr_hit_grab_circle;pr_hit_stab_circle;pr_hit_stab_circle_l;pr_hit_stab_circle_ll;pr_hit_stab_halo;pr_hit_thunder_circle;pr_hit_thunder_elec;pr_hit_thunder_elec_release;pr_hit_thunder_elec_release_green;pr_hit_thunder_elec_sub;pr_hit_wip;pr_hit_wip_a;pr_hit_wip_circle;pr_hitl_blood;pr_hits_halo;pr_hits_halo_b;pr_web_trapped_circle_l;process_ser_frozen_smoke;stone_gacha_dot;stone_gacha_smoke,bite_triangle;flash
timeline,hitl,damage.particle,204,,,_rand_rot;_rand_y;_size;attr;ax;bodyagR;centerpr;cx;cy;hipx;hipy;hit_x;hit_y;mbottom;mleft;mright;mtop;raim_agR;rot_agR;snd_hitl;y,CALCPOS;CALC_BODY_AGR;EF;GET_LOCK_MGATTR;HIPPOS;HOLD;PVIB_DMG;SET_LOCK_MGATTR;SND;WAIT,absorb_atk_basic;burned_pr_smoke_w;dmg_bite_circle_0;dmg_bite_circle_1;frozen_gacha_dot;hit_acme_circle;hit_frozen_line;pr_burned_poly;pr_burned_poly_t;pr_hit_dust;pr_hit_dust_thunder;pr_hit_stab_circle;pr_hit_stab_circle_l;pr_hit_stab_circle_ll;pr_hit_stab_halo;pr_hit_thunder_circle;pr_hit_thunder_elec;pr_hit_thunder_elec_release;pr_hit_thunder_elec_release_green;pr_hit_thunder_elec_sub;pr_hit_wip;pr_hit_wip_a;pr_hit_wip_circle;pr_hitl_blood;pr_hitl_halo;pr_hitl_halo_b;pr_web_trapped_circle_l;process_ser_frozen_smoke;stone_gacha_dot;stone_gacha_smoke,bite_triangle;flash
timeline,hitabsorb,damage.particle,364,,,_rot;cx;cy;hit_x;hit_y,CALCPOS;SND,pr_hit_dust;pr_hit_line,
timeline,hitabsorb_R,damage.particle,374,,,agR;cx;cy,SND,pr_hit_dust;pr_hit_line,
particle,pr_hitl_blood,damage.particle,383,DOT,,,,,
particle,pr_hits_halo,damage.particle,414,HALO,NORMAL,,,,
particle,pr_hits_halo_b,damage.particle,447,,SUB,,CLONE,pr_hits_halo,
particle,pr_hitl_halo,damage.particle,461,,,,CLONE,pr_hits_halo,
particle,pr_hitl_halo_b,damage.particle,466,,,,CLONE,pr_hits_halo_b,
particle,pr_hit_dust,damage.particle,474,LINE,,,,,
particle,pr_hit_line,damage.particle,507,LINE,,,,,
timeline,dmg_bound,damage.particle,543,,,aim_agR;mbottom;x,CALCPOS;PVIB_DMG;SND,dmg_down_sunabokori,
timeline,dmg_down,damage.particle,550,,,aim_agR;cnt;mbottom;raim_agR;vx;x,CALCPOS;PVIB_DMG;SND;WAIT,dmg_down_sunabokori,
particle,dmg_down_sunabokori,damage.particle,568,SUNABOKORI,NORMAL,,,,
timeline,worm_egg_activate,damage.particle,597,,,,EFT;PVIB_DMG;QU_SINV;SND,,flash;worm_egg_splash
timeline,laying_egg_activate,damage.particle,607,,,,EFT;PVIB_DMG;QU_SINH,,flash
timeline,laying_egg,damage.particle,616,,,ra;ragR;x;y,PVIB_DMG;QU_VIB;SND,laying_egg_particle,
timeline,laying_egg_worm,damage.particle,630,,,x;y,SND,laying_egg_worm_0;laying_egg_worm_1,
particle,laying_egg_worm_0,damage.particle,639,BOMBCIRCLE,,,,,
particle,laying_egg_worm_1,damage.particle,652,CIRCLE,,,,,
particle,laying_egg_particle,damage.particle,671,CIRCLE,,,,,
timeline,worm_released_splash,damage.particle,697,,,agR;cx;cy,SND,worm_released_splash_circle,
particle,worm_released_splash_circle,damage.particle,704,CIRCLE,,,,,
timeline,laying_egg_flash,damage.particle,733,,,,EFT;QU_SINV,,flash;radiation
timeline,press_damage_pr,damage.particle,742,,,agR;aim;hit_x;hit_y;ui_press,QU_SINH;QU_SINV;QU_VIB;SND,pr_press_blood;press_damage_halo;press_damage_halo2;press_damage_splash,
particle,press_damage_halo,damage.particle,766,HALO,TOP,,,,
particle,press_damage_halo2,damage.particle,797,,,,CLONE,press_damage_halo,
particle,press_damage_splash,damage.particle,810,PARTICLE_SPLASH,TOP,,,,
particle,pr_press_blood,damage.particle,843,,TOP,,CLONE,pr_hitl_blood,
timeline,press_damage_en,damage.particle,854,,,agR;hit_x;hit_y,SND,en_press_blood;press_damage_en_halo,
particle,en_press_blood,damage.particle,863,,TOP,,CLONE,pr_press_blood,
particle,press_damage_en_halo,damage.particle,870,,TOP,,CLONE,press_damage_halo,
timeline,ui_damage_press_return_0,damage.particle,880,,,ax;ay;cx;cy,AIM;SND,press_damage_return_halo,
timeline,ui_damage_press_return_1,damage.particle,890,,,ax;ay;cx;cy,AIM;SND,press_damage_return_halo,
particle,press_damage_return_halo,damage.particle,902,HALO,,,,,
particle,pr_hit_dust_thunder,damage.particle,927,,,,CLONE,pr_hit_dust,
particle,pr_hit_thunder_circle,damage.particle,936,CIRCLE,TOP_SUB,,,,
particle,pr_hit_thunder_elec,damage.particle,958,ELEC,TOP_ADD,,,,
particle,pr_hit_thunder_elec_sub,damage.particle,996,,TOP_SUB,,CLONE,pr_hit_thunder_elec,
particle,pr_hit_thunder_elec_release,damage.particle,1004,,,,CLONE,pr_hit_thunder_elec,
particle,pr_hit_thunder_elec_release_green,damage.particle,1028,,TOP_SUB,,CLONE,pr_hit_thunder_elec_release,
particle,pr_burned_poly,damage.particle,1036,BLURCIRCLE,ADD,,,,
particle,pr_burned_poly_t,damage.particle,1077,,TOP_ADD,,CLONE,pr_burned_poly,
particle,hit_frozen_line,damage.particle,1090,DOORLINE,TOP,,,,
timeline,masturbate_hit_s,damage.particle,1118,,,cx;cy;level,EFT;PVIB_DMG;QU_HANDSHAKE,masturbate_hit_heart,flash;rectflash
particle,masturbate_hit_heart,damage.particle,1151,PARTICLE_HEART,TOP,,,,
particle,pr_hit_grab,damage.particle,1176,HKADOMARU,TOP_MUL,,,,
particle,pr_hit_grab_b,damage.particle,1217,,MUL,,,,
particle,pr_hit_grab_circle,damage.particle,1223,CIRCLE,TOP_MUL,,,,
particle,pr_hit_wip,damage.particle,1262,HRECT,TOP_SUB,,,,
particle,pr_hit_wip_a,damage.particle,1294,,TOP_ADD,,CLONE,pr_hit_wip,
particle,pr_hit_wip_circle,damage.particle,1308,,TOP_SUB,,CLONE,pr_hit_grab_circle,
particle,pr_hit_stab_circle_l,damage.particle,1330,CIRCLE,TOP_SUB,,,,
particle,pr_hit_stab_circle_ll,damage.particle,1359,,,,CLONE,pr_hit_stab_circle_l,
particle,pr_hit_stab_halo,damage.particle,1374,HALO,TOP_SUB,,,,
particle,pr_hit_stab_circle,damage.particle,1406,,TOP,,CLONE,pr_hit_wip_circle,
timeline,pr_piston,damage.particle,1422,,,_dx;_dy;ax,SND,pr_piston_splash,
timeline,pr_piston_nosnd,damage.particle,1430,,,_dx;_dy;ax,SND,pr_piston_splash,
particle,pr_piston_splash,damage.particle,1438,,,,CLONE,golem_shot_broken_circle,
timeline,dmg_yadorigi,damage.particle,1454,,,agR;cx;cy,SND,dmg_yadorigi_circle;dmg_yadorigi_circle_s,
particle,dmg_yadorigi_circle,damage.particle,1462,CIRCLE,TOP_MUL,,,,
particle,dmg_yadorigi_circle_s,damage.particle,1485,,SUB,,CLONE,dmg_yadorigi_circle,
timeline,dmg_poison,damage.particle,1495,,,cx;cy,SND;TE_QU_VIB;WAIT,dmg_yadorigi_circle,
particle,hit_acme_circle,damage.particle,1507,CIRCLE,TOP,,,,
particle,hit_acme_circle_f,damage.particle,1533,,,,CLONE,hit_acme_circle,
timeline,vore_digest,damage.particle,1543,,,_is_main;cx;cy,DRO;QU_HANDSHAKE;QU_SINV;QU_VIB;SND;WAIT,en_die_dot;en_die_smoke_l,
timeline,debug_finainantoka,debug.particle,1,,,,EFT;SND,,debug_gameover_title
timeline,debug_circle,debug.particle,5,,,cx;cy,,,
particle,debug_circle,debug.particle,10,BLURCIRCLE,TOP_ADD,,,,
timeline,aimtoplayer,enemy.particle,1,,,,AIM_TO_PR,,
timeline,devil_walk,enemy.particle,6,,,,,,
particle,drip_devil,enemy.particle,11,DRIP,TOP_SUB,,,,
particle,attack_start_line,enemy.particle,39,LINE,TOP,,,,
particle,attack_start_line_in,enemy.particle,60,,,,CLONE,attack_start_line,
particle,attack_start_dot,enemy.particle,65,CIRCLE,TOP,,,,
particle,attack_start_dot_directional,enemy.particle,88,,,,CLONE,attack_start_dot,
particle,attack_start_dot_directional_long,enemy.particle,104,,,,CLONE,attack_start_dot_directional,
particle,attack_start_dot_directional_range,enemy.particle,118,,,,CLONE,attack_start_dot_directional,
timeline,en_stunned,enemy.particle,124,,,cx;cy;maxt;sizex;sizey,EFT;SND_ACT;WAIT,,
timeline,mech_stunned,enemy.particle,133,,,cx;cy;sizex;sizey,EFT;SND_ACT,mech_stunned_elec,
timeline,en_huttobi_init,enemy.particle,149,,,agR;sx;sy,RANDOMSKIP;SND,en_huttobi_shockwave,
timeline,en_huttobi_bound,enemy.particle,156,,,agR;cx;cy;hagR,SND,huttobi_bound_dot;huttobi_bound_halo;shockwave_en_80,
particle,huttobi_bound_halo,enemy.particle,166,,,,CLONE,pr_cane_hit_halo_r,
particle,huttobi_bound_dot,enemy.particle,183,DOT,,,,,
particle,shockwave_en_80,enemy.particle,205,BLURCIRCLE,NORMAL,,,,
particle,shockwave_en_t20,enemy.particle,233,,,,CLONE,shockwave_en_80,
timeline,en_critical_hit,enemy.particle,246,,,_R;cx;cy;set_light,QU_VIB;SND,en_critical_hit_bcircle;en_critical_hit_circle;en_critical_hit_halo,
particle,en_critical_hit_halo,enemy.particle,264,,TOP_ADD,,CLONE,slime_overdrive_eat_close_halo,
particle,en_critical_hit_circle,enemy.particle,288,BLURCIRCLE,TOP_ADD,,,,
particle,en_critical_hit_bcircle,enemy.particle,305,BLURCIRCLE,TOP_ADD,,,,
timeline,enemy_ground_bump,enemy.particle,329,,,_ex_min;_slen_max;bx;by;sizex,SND,ground_bump_smoke_l;ground_bump_smoke_r,
timeline,enemy_ground_bump_y,enemy.particle,339,,,_ex_min;_slen_max;bx;cy;sizey,SND,ground_bump_smoke_l;ground_bump_smoke_r,
timeline,enemy_footsound_big_walk,enemy.particle,350,,,bx;by,SND,,
timeline,enemy_ground_bump_s,enemy.particle,356,,,_ex_min;_slen_max;bx;by;sizex,SND,ground_bump_smoke_s_l;ground_bump_smoke_s_r,
particle,ground_bump_smoke_l,enemy.particle,366,SMOKE,,,,,
particle,ground_bump_smoke_r,enemy.particle,402,,,,CLONE,ground_bump_smoke_l,
particle,ground_bump_smoke_t,enemy.particle,408,,,,CLONE,ground_bump_smoke_l,
particle,ground_bump_smoke_b,enemy.particle,415,,,,CLONE,ground_bump_smoke_l,
particle,ground_bump_smoke_s_l,enemy.particle,422,,,,CLONE,ground_bump_smoke_l,
particle,ground_bump_smoke_s_r,enemy.particle,429,,,,CLONE,ground_bump_smoke_r,
timeline,en_huttobi,enemy.particle,438,,,agR;cx;cy,,huttobi_smoke,
particle,huttobi_smoke,enemy.particle,443,SMOKE,,,,,
particle,en_huttobi_shockwave,enemy.particle,486,,,,CLONE,break_mana_weed_halo,
timeline,enemy_die,enemy.particle,500,,,agR;x;y,,en_die_dot;en_die_smoke_l;en_huttobi_shockwave,
particle,en_die_dot,enemy.particle,507,LINE,,,,,
particle,en_die_smoke_l,enemy.particle,538,SMOKE_L,MUL,,,,
timeline,en_summoned_prepare,enemy.particle,580,,,cx;cy;delay;duped;mp_added,SND;WAIT,en_summoned_prepare_elec;en_summoned_prepare_line;en_summoned_prepare_smoke_l,
timeline,en_summoned,enemy.particle,594,,,cx;cy,SND,en_summoned_daia_0;en_summoned_daia_1;en_summoned_daia_dot,
timeline,smnc_en_summoned_prepare,enemy.particle,604,,,cx;cy;delay,SND,smnc_en_summoned_prepare_rect,
particle,smnc_en_summoned_prepare_rect,enemy.particle,614,BLURPOLYGON,ADD,,,,
particle,en_summoned_prepare_smoke_l,enemy.particle,637,SMOKE_L,MUL,,,,
particle,en_summoned_prepare_line,enemy.particle,673,,MUL,,CLONE,magic_casting_line_t_pr,
particle,en_summoned_prepare_elec,enemy.particle,685,,MUL,,CLONE,magic_shotgun_elec,
particle,en_summoned_daia_dot,enemy.particle,703,POLYGON,SUB,,,,
particle,en_summoned_daia_0,enemy.particle,727,POLYGON,TOP_SUB,,,,
particle,en_summoned_daia_1,enemy.particle,744,,,,CLONE,en_summoned_daia_0,
timeline,slime_attack_charge,enemy.particle,758,,,cx;cy,SND_CPOS;WAIT,slime_attack_charge_line,
particle,slime_attack_charge_line,enemy.particle,766,LINE,TOP,,,,
timeline,slime_attack_start,enemy.particle,795,,,cx;cy,SND;WAIT,attack_start_dot;attack_start_line,
timeline,mush_small_punch_init,enemy.particle,808,,,,SND;WAIT,,
timeline,mush_small_punch_swing,enemy.particle,815,,,ax;cx;cy;scl,AGD;SND;WAIT,attack_start_dot_directional,
attack_ghost,mush_small_punch_swing,enemy.particle,825,,,,,,
timeline,mush_guard_init,enemy.particle,843,,,cx;cy,SND;WAIT,attack_start_line,
timeline,mush_guard,enemy.particle,849,,,cx;cy,SND;WAIT,attack_start_line_in;mush_guard_init,
particle,mush_guard_init,enemy.particle,857,SMOKE_L,MUL,,,,
particle,mush_shot_living_gas,enemy.particle,886,SMOKE_L,MUL,,,,
timeline,mush_shot_init,enemy.particle,920,,,agR;hagR;sx;sy,DATAS;SND,mush_shot_shooted_circle;mush_shot_shooted_gas,
particle,mush_shot_shooted_gas,enemy.particle,929,,SUB,,CLONE,mush_shot_living_gas,
particle,mush_shot_shooted_circle,enemy.particle,947,CIRCLE,TOP_SUB,,,,
timeline,mush_shot_bomb_gas,enemy.particle,971,,,sx;sy,DATAS;SND,mush_shot_shooted_circle,
particle,mush_shot_bomb_gas,enemy.particle,980,,TOP_SUB,,CLONE,mush_shot_living_gas,
timeline,enemy_warp,enemy.particle,1001,,,cx;cy,EFT;SND,enemy_warp_doorbit;enemy_warp_somke_l,postHamonMagic
timeline,enemy_warp_out,enemy.particle,1008,,,cx;cy,EFT;SND,enemy_warp_out_line;enemy_warp_somke_l,postHamonMagic
particle,enemy_warp_somke_l,enemy.particle,1015,SMOKE_L,MUL,,,,
particle,enemy_warp_doorbit,enemy.particle,1046,DOORLINE,MUL,,,,
particle,enemy_warp_out_line,enemy.particle,1065,LINE,SUB,,,,
particle,enemy_warp_star,enemy.particle,1096,KIRA,ADD,,,,
timeline,mage_small_punch_swing,enemy.particle,1120,,,ax;cx;cy,AGD;SND;WAIT,attack_start_dot_directional_range,
attack_ghost,mage_small_punch_swing,enemy.particle,1130,,,,,,
timeline,tentacle_guard_break,enemy.particle,1152,,,cx;cy,SND,tentacle_break_circle,
particle,tentacle_break_circle,enemy.particle,1157,,,,CLONE,slime_overdrive_eat_close_circle,
timeline,tentacle_guard_gather,enemy.particle,1168,,,cx;cy,SND_CPOS;WAIT,slime_attack_charge_line,
particle,tentacle_guard_gather_line,enemy.particle,1178,,,,,,
timeline,tentacle_guard_gather_quit,enemy.particle,1185,,,cx;cy,,entacle_guard_gather_quit_circle,
particle,entacle_guard_gather_quit_circle,enemy.particle,1189,CIRCLE,TOP_SUB,,,,
timeline,puppy_attack_0,enemy.particle,1205,,,cx;cy,SND,attack_start_line;slime_attack_charge_line,
timeline,puppy_attack_1,enemy.particle,1212,,,_agR;_agR2;ax;cx;cy;ydf,MYPOS;SND_CPOS;WAIT,puppy_running_gas;puppy_running_halo,
particle,puppy_running_halo,enemy.particle,1225,,,,CLONE,enemy_backstep_halo,
particle,puppy_running_gas,enemy.particle,1234,SMOKE,MUL,,,,
timeline,puppy_attack_hit,enemy.particle,1263,,,ax;cx;cy,SND_CPOS,puppy_attack_end_halo,
particle,puppy_attack_end_halo,enemy.particle,1268,,,,CLONE,slime_overdrive_eat_close_halo,
timeline,puppy_attack_tackle,enemy.particle,1285,,,ax;cx;cy,MYPOS;SND_CPOS;WAIT,puppy_attack_tackle_circle;puppy_attack_tackle_halo,
particle,puppy_attack_tackle_halo,enemy.particle,1295,,,,CLONE,slime_overdrive_eat_close_halo,
particle,puppy_attack_tackle_circle,enemy.particle,1308,,,,CLONE,slime_overdrive_eat_close_circle,
timeline,gorem_shot_start,enemy.particle,1321,,,agR;cx;cy,SND,puppy_attack_tackle_halo,
timeline,golem_shot_broken,enemy.particle,1328,,,sx;sy,SND_SPOS,golem_shot_broken_circle,
particle,golem_shot_broken_circle,enemy.particle,1334,CIRCLE,TOP,,,,
timeline,golem_throw_init,enemy.particle,1357,,,agR;cx;cy,SND,golem_throw_init_halo,
particle,golem_throw_init_halo,enemy.particle,1362,,,,CLONE,puppy_attack_tackle_halo,
timeline,snake_dig_start,enemy.particle,1373,,,by;cx,SND,snake_dig_start_halo,
particle,snake_dig_start_halo,enemy.particle,1379,,,,CLONE,golem_throw_init_halo,
timeline,snake_dig_start_2,enemy.particle,1387,,,by;cx,DRO_GROUNDBREAK;SND;WAIT,snake_smoke,
particle,snake_smoke,enemy.particle,1397,SMOKE,TOP,,,,
timeline,snake_dig_in_ground,enemy.particle,1421,,,agR;cx;cy,,snake_circle;snake_smoke,
timeline,snake_dig_in_air,enemy.particle,1427,,,agR;cx;cy,,snake_smoke,
particle,snake_circle,enemy.particle,1433,HHEMICIRCLE,TOP_SUB,,,,
timeline,snake_dig_getout_prepare,enemy.particle,1454,,,by;cx,,snake_circle_prepare;snake_dig_getout_prepare_line,
particle,snake_circle_prepare,enemy.particle,1461,,,,CLONE,snake_circle,
particle,snake_dig_getout_prepare_line,enemy.particle,1468,LINE,TOP,,,,
timeline,snake_dig_getout,enemy.particle,1493,,,by;cx;cy,DRO_GROUNDBREAK;SND,snake_circle_l;snake_dig_start_halo;snake_smoke,
particle,snake_circle_l,enemy.particle,1504,,,,CLONE,snake_circle,
timeline,snake_punch_bite,enemy.particle,1510,,,cx;cy,DRO;SND;WAIT,snake_punch_bite_halo,
particle,snake_punch_bite_halo,enemy.particle,1518,,,,CLONE,slime_overdrive_eat_close_halo,
timeline,snake_guard_attack,enemy.particle,1531,,,_REP;_V;ax;cx;cy;enlarge_scale,AGD;ENLARGE;SND;WAIT,,
attack_ghost,snake_guard_attack,enemy.particle,1547,,,,,,
timeline,snake_torture_to_2nd_phase,enemy.particle,1565,,,,EFT;SND,,flash
timeline,bomb_hit_critical,enemy.particle,1571,,,cx;cy,DRO;SND,snake_hit_critical_halo;snake_hit_critical_halo_r,
particle,snake_hit_critical_halo,enemy.particle,1582,,TOP_ADD,,CLONE,slime_overdrive_eat_close_halo,
particle,snake_hit_critical_halo_r,enemy.particle,1609,,,,CLONE,snake_hit_critical_halo,
timeline,sponge_shot_init,enemy.particle,1622,,,cx;cy,SND,sponge_shot_init_circle,
particle,sponge_shot_init_circle,enemy.particle,1627,BLURCIRCLE,TOP_ADD,,,,
timeline,sponge_shot_release,enemy.particle,1656,,,agR;cx;cy,SND,sponge_shot_release_halo;sponge_shot_release_ripple;sponge_shot_release_ripple_a,
particle,sponge_shot_release_halo,enemy.particle,1667,,,,CLONE,slime_overdrive_eat_close_halo,
particle,sponge_shot_release_ripple,enemy.particle,1683,SHOCKRIPPLE_C,TOP_SUB,,,,
particle,sponge_shot_release_ripple_a,enemy.particle,1710,,TOP_ADD,,CLONE,sponge_shot_release_ripple,
timeline,sponge_shot_splash,enemy.particle,1718,,,agR;sx;sy,CALCAGR;DATAS;WAIT,sponge_shot_splash_circle,
particle,sponge_shot_splash_circle,enemy.particle,1728,CIRCLE,,,,,
timeline,sponge_shot_bounce,enemy.particle,1751,,,sx;sy,DATAS;SND_SPOS,sponge_bounce_line,
particle,sponge_bounce_line,enemy.particle,1757,,,,CLONE,snake_dig_getout_prepare_line,
timeline,sponge_shot_explode,enemy.particle,1772,,,sx;sy,DATAS;DRO;SND_SPOS,sponge_shot_explode_ripple,
particle,sponge_shot_explode_ripple,enemy.particle,1780,,,,CLONE,sponge_shot_release_ripple,
timeline,sponge_attack_init,enemy.particle,1795,,,cx;fy,,sponge_attack_init_halo,
particle,sponge_attack_init_halo,enemy.particle,1800,,,,CLONE,slime_overdrive_eat_close_halo,
timeline,sponge_attack_act,enemy.particle,1820,,,_R0;_REC;_REP;ax;cx;cy;reach;scl,AGD;MYPOS;WAIT,,
attack_ghost,sponge_attack,enemy.particle,1843,,,,,,
timeline,uni_shot_init,enemy.particle,1867,,,agR;cx;cy,SND,puppy_attack_tackle_halo,
timeline,uni_shot_released,enemy.particle,1873,,,agR;hagR;sx;sy,DATAS;SND;SND_INTERVAL2_SPOS;WAIT,mush_shot_shooted_circle;uni_shot_released_circle,
particle,uni_shot_released_circle,enemy.particle,1885,,,,CLONE,slime_overdrive_eat_close_circle,
timeline,uni_shot_broken,enemy.particle,1898,,,sx;sy,DATAS;SND,uni_shot_broken_circle,
particle,uni_shot_broken_circle,enemy.particle,1905,,,,CLONE,golem_shot_broken_circle,
timeline,uni_drill_run,enemy.particle,1912,,,_R0;_REC;_REP;_SCL100;_t;_x;_y;agR;cx;cy;scl,AGD;ANGLE;MYPOS;SND_CPOS;WAIT,attack_start_line;slime_attack_charge_line,
attack_ghost,uni_drill_attack,enemy.particle,1944,,,,,,
attack_ghost,uni_drill_attack_2,enemy.particle,1961,,,,CLONE,uni_drill_attack,
particle,uni_drill_attack_gather_line,enemy.particle,1970,,,,,,
timeline,uni_drill_attack_release,enemy.particle,1976,,,agR;cx;cy,ANGLE;MYPOS;WAIT,mush_shot_shooted_circle;puppy_running_gas;puppy_running_halo,
timeline,uni_drill_hit,enemy.particle,1989,,,agR;cx;cy,ANGLE;SND;WAIT,uni_drill_hit_halo,
particle,uni_drill_hit_halo,enemy.particle,1996,,,,CLONE,golem_throw_init_halo,
timeline,uni_drill_quit,enemy.particle,2003,,,cx;cy;hagR,,mush_shot_shooted_circle,
particle,fox_fireball_running,enemy.particle,2015,CIRCLE,ADD,,,,
timeline,fox_fireball_appear,enemy.particle,2039,,,sx;sy,DATAS;SND,fox_fireball_appear_ripple,
timeline,fox_fireball_break,enemy.particle,2045,,,sx;sy,DATAS;SND,fox_fireball_broken_circle,
particle,fox_fireball_appear_ripple,enemy.particle,2051,BLURCIRCLE,ADD,,,,
particle,fox_fireball_broken_circle,enemy.particle,2072,,TOP_ADD,,CLONE,golem_shot_broken_circle,
timeline,fox_jump_init,enemy.particle,2083,,,by;cx,SND,ground_bump_smoke_l;ground_bump_smoke_r,
timeline,fox_atk_bump,enemy.particle,2089,,,by;cx;cy,SND,ground_bump_smoke_l;ground_bump_smoke_r,
timeline,fox_chaserball_appear,enemy.particle,2098,,,sx;sy,DATAS;SND_SPOS;WAIT,fox_chaserball_appear_chrage;od_charge_special_halo;od_charge_special_triangle,
particle,fox_chaserball_appear_chrage,enemy.particle,2108,SHOCKWAVE_PIC,TOP_ADD,,,,
timeline,fox_chaserball_shot,enemy.particle,2130,,,hagR;sx;sy,DATAS;SND_SPOS;WAIT,fox_chaserball_shot_wave;fox_chaserball_shot_wave_s;fox_chaserball_walk_splash;fox_chaserball_walk_splash_sub,
particle,fox_chaserball_shot_wave,enemy.particle,2145,SHOCKWAVE_PIC,TOP_ADD,,,,
particle,fox_chaserball_shot_wave_s,enemy.particle,2164,,SUB,,CLONE,fox_chaserball_shot_wave,
particle,fox_chaserball_walk_splash,enemy.particle,2173,PARTICLE_SPLASH,ADD,,,,
particle,fox_chaserball_walk_splash_sub,enemy.particle,2188,,SUB,,CLONE,fox_chaserball_walk_splash,
timeline,fox_chaserball_explode_prepare,enemy.particle,2200,,,len;maxt;sx;sy,DATAS;SND_SPOS;WAIT,fox_chaserball_explode_prepare_circle_1;fox_chaserball_explode_prepare_circle_2,
particle,fox_chaserball_explode_prepare_circle_1,enemy.particle,2210,BLURCIRCLE,TOP_SUB,,,,
particle,fox_chaserball_explode_prepare_circle_2,enemy.particle,2225,BLURCIRCLE,SUB,,,,
timeline,fox_chaserball_explode,enemy.particle,2247,,,len;sx;sy,DATAS;EF;EFT;QU_VIB;SND,fox_chaserball_explode_circle_1;fox_chaserball_explode_circle_2;fox_chaserball_explode_halo;fox_chaserball_explode_smoke,fox_chaserball_explode_sphere;post_fireball_sphere
particle,fox_chaserball_explode_circle_1,enemy.particle,2260,CIRCLE,TOP_SUB,,,,
particle,fox_chaserball_explode_circle_2,enemy.particle,2273,CIRCLE,TOP_ADD,,,,
particle,fox_chaserball_explode_halo,enemy.particle,2287,,,,CLONE,magic_chantcomp_target_halo_en,
particle,fox_chaserball_explode_smoke,enemy.particle,2297,SMOKE_L,,,,,
timeline,fox_candleshot_appear,enemy.particle,2320,,,sx;sy,DATAS;WAIT,candleshot_light;candleshot_smoke;candleshot_smoke_w,
particle,candleshot_light,enemy.particle,2330,,,,CLONE,burned_pr_light,
particle,candleshot_smoke,enemy.particle,2339,,,,CLONE,burned_pr_smoke,
particle,candleshot_smoke_w,enemy.particle,2347,,,,CLONE,burned_pr_smoke_w,
timeline,fox_candleshot_erased,enemy.particle,2356,,,sx;sy,DATAS,candleshot_erased_circle;candleshot_ground_smoke;candleshot_ground_smoke_w,
timeline,fox_candleshot_ground,enemy.particle,2364,,,maxt;sx;sy,DATAS;WAIT,candleshot_ground_burn;candleshot_ground_circle;candleshot_ground_circle_blur;candleshot_ground_light;candleshot_ground_smoke_w,
particle,candleshot_ground_light,enemy.particle,2377,,,,CLONE,candleshot_light,
particle,candleshot_ground_burn,enemy.particle,2388,,,,CLONE,candleshot_light,
particle,candleshot_ground_smoke,enemy.particle,2400,,,,CLONE,candleshot_smoke,
particle,candleshot_ground_smoke_w,enemy.particle,2407,,,,CLONE,candleshot_smoke_w,
particle,candleshot_ground_circle,enemy.particle,2415,CIRCLE,TOP_ADD,,,,
particle,candleshot_erased_circle,enemy.particle,2428,,NORMAL,,CLONE,candleshot_ground_circle,
particle,candleshot_ground_circle_blur,enemy.particle,2437,BLURCIRCLE,ADD,,,,
timeline,fox_breathe_init,enemy.particle,2456,,,agR;cx;cy,SND_TPOS;WAIT,fox_breathe_charge_line,
particle,fox_breathe_charge_line,enemy.particle,2463,LINE,TOP,,,,
timeline,fox_breathe,enemy.particle,2491,,,agR;cx;cy,BREATHEANGLE;SND_TPOS;WAIT,fox_breathe_wave;fox_breathe_wave_s,
particle,fox_breathe_wave,enemy.particle,2504,,,,CLONE,fox_chaserball_shot_wave,
particle,fox_breathe_wave_s,enemy.particle,2513,,,,CLONE,fox_chaserball_shot_wave_s,
timeline,fox_breathe_end,enemy.particle,2524,,,agR;hagR;tx;ty,BREATHEANGLE;QU_VIB;SND;TARGETPOS,fox_chaserball_shot_wave;fox_chaserball_shot_wave_s,
timeline,fox_breathe_hit,enemy.particle,2535,,,sx;sy,DATAS,candleshot_ground_burn;candleshot_ground_circle;candleshot_ground_light;candleshot_ground_smoke_w,
timeline,fox_splashball_charge,enemy.particle,2545,,,agR;tx;ty,BREATHEANGLE;SND;TARGETPOS;WAIT,fox_splashball_charge_line,
particle,fox_splashball_charge_line,enemy.particle,2556,LINE,,,,,
timeline,fox_splashball_shot,enemy.particle,2577,,,hagR;sx;sy,DATAS;SND,fox_chaserball_shot_wave;fox_chaserball_shot_wave_s,
timeline,fox_splashball_break,enemy.particle,2585,,,sx;sy,DATAS;SND,candleshot_ground_circle;fox_chaserball_shot_wave,
timeline,golemtoy_activate,enemy.particle,2598,,,cx;cy,SND,golemtoy_activate_land_line,
particle,golemtoy_activate_land_line,enemy.particle,2604,,,,CLONE,od_absorbing_land_line,
timeline,golemtoy_creating,enemy.particle,2614,,,cx;cy,SND,golemtoy_creating_bit,
particle,golemtoy_creating_bit,enemy.particle,2619,LINE,,,,,
timeline,golemtoy_born,enemy.particle,2643,,,cx;cy,SND,golemtoy_born_smoke,
particle,golemtoy_born_smoke,enemy.particle,2650,SMOKE_L,TOP,,,,
timeline,golemtoy_mkb_jump,enemy.particle,2681,,,cx;cy,MYPOS;SND,golemtoy_mkb_smoke_1;golemtoy_mkb_smoke_b;snake_dig_start_halo,
particle,golemtoy_mkb_smoke_1,enemy.particle,2693,SMOKE,TOP_ADD,,,,
particle,golemtoy_mkb_smoke_b,enemy.particle,2723,,NORMAL,,CLONE,golemtoy_mkb_smoke_1,
timeline,golemtoy_mkb_bump_dive,enemy.particle,2740,,,by;cx;cy;delay;maxt;mpf,DRO_GROUNDBREAK;SND,golemtoy_mkb_line;golemtoy_mkb_smoke_t,
particle,golemtoy_mkb_smoke_t,enemy.particle,2748,,TOP,,CLONE,ground_bump_smoke_t,
particle,golemtoy_mkb_line,enemy.particle,2763,LINE,TOP,,,,
timeline,golemtoy_mkb_bump_prepare,enemy.particle,2792,,,cx;cy;delay;maxt,SND,golemtoy_mkb_smoke_t,
timeline,golemtoy_mkb_bump,enemy.particle,2798,,,_ex_min;_slen_max;by;cx;cy,DRO_GROUNDBREAK;SND,golemtoy_mkb_bump_smoke_t;snake_dig_start_halo,
particle,golemtoy_mkb_bump_smoke_t,enemy.particle,2806,,TOP,,CLONE,ground_bump_smoke_t,
timeline,golemtoy_rm_act,enemy.particle,2819,,,cx;cy;enlarge_scale,ENLARGE;SND,golemtoy_rm_act_circle;golemtoy_rm_act_circle_t,
particle,golemtoy_rm_act_circle_t,enemy.particle,2827,CIRCLE,TOP_ADD,,,,
particle,golemtoy_rm_act_circle,enemy.particle,2842,,TOP_ADD,,CLONE,general_white_circle,
timeline,golemtoy_rm_shot_charge,enemy.particle,2862,,,cx;cy,SND;WAIT,golemtoy_rm_shot_line1;golemtoy_rm_shot_line2;golemtoy_rm_shot_ripple1;golemtoy_rm_shot_ripple2,
particle,golemtoy_rm_shot_ripple1,enemy.particle,2873,,,,CLONE,enemy_get_experience_ripple,
particle,golemtoy_rm_shot_ripple2,enemy.particle,2880,,,,CLONE,enemy_get_experience_ripple,
particle,golemtoy_rm_shot_line1,enemy.particle,2887,,,,CLONE,enemy_get_experience_line,
particle,golemtoy_rm_shot_line2,enemy.particle,2894,,,,CLONE,enemy_get_experience_line,
timeline,golemtoy_rm_shot,enemy.particle,2903,,,cx;cy,SND;WAIT,golemtoy_rm_shot_circle;golemtoy_rm_shot_smoke_1;golemtoy_rm_shot_smoke_2,
particle,golemtoy_rm_shot_smoke_1,enemy.particle,2912,SMOKE,TOP,,,,
particle,golemtoy_rm_shot_smoke_2,enemy.particle,2937,,,,CLONE,golemtoy_rm_shot_smoke_1,
particle,golemtoy_rm_shot_circle,enemy.particle,2943,CIRCLE,TOP,,,,
timeline,golemtoy_rm_orbit,enemy.particle,2965,,,cx;cy;da,DATAD;WAIT,golemtoy_rm_orbit_circle_1;golemtoy_rm_orbit_circle_2;golemtoy_rm_orbit_engine,
timeline,golemtoy_rm_orbit_aula,enemy.particle,2979,,,cx;cy;saf;size,WAIT,golemtoy_rm_orbit_aula_1;golemtoy_rm_orbit_aula_2,
particle,golemtoy_rm_orbit_aula_1,enemy.particle,2989,,ADD,,CLONE,enemy_get_experience_ripple,
particle,golemtoy_rm_orbit_aula_2,enemy.particle,3002,,,,CLONE,golemtoy_rm_orbit_aula_1,
particle,golemtoy_rm_orbit_engine,enemy.particle,3008,,,,CLONE,cp_bonfire_light,
particle,golemtoy_rm_orbit_circle_1,enemy.particle,3029,CIRCLE,TOP_ADD,,,,
particle,golemtoy_rm_orbit_circle_2,enemy.particle,3054,,,,,,
particle,golemtoy_rm_ripple_1,enemy.particle,3059,,TOP,,,,
timeline,machine_error_elec,enemy.particle,3070,,,cx;cy;maxt;sizex;sizey,SND;WAIT,machine_die_smoke_black;mech_stunned_elec,
timeline,machine_die,enemy.particle,3083,,,cx;cy;size,,machine_die_smoke_black;machine_die_smoke_red;machine_die_smoke_red_bit,
particle,machine_die_smoke_red,enemy.particle,3092,SMOKE,TOP_ADD,,,,
particle,machine_die_smoke_red_nm,enemy.particle,3119,,,,CLONE,machine_die_smoke_red,
particle,machine_die_smoke_red_bit,enemy.particle,3124,CIRCLE,TOP_ADD,,,,
particle,machine_die_smoke_black,enemy.particle,3153,SMOKE,,,,,
particle,machine_die_smoke_black_nm,enemy.particle,3181,,,,CLONE,machine_die_smoke_black,
timeline,mispod_act,enemy.particle,3187,,,_ex_min;_slen_max;by;cx;sizex;time,SND;WAIT,ground_bump_smoke_s_l;ground_bump_smoke_s_r,
timeline,mispod_movestart,enemy.particle,3198,,,_ex_min;_slen_max;by;cx;sizex,SND,ground_bump_smoke_s_l;ground_bump_smoke_s_r,
timeline,golemtoy_car_openpad,enemy.particle,3207,,,,SND_CPOS;WAIT,,
timeline,golemtoy_missile_launched,enemy.particle,3213,,,agR;cx;cy;sa;sx;sy,DATAS;SND;SND_SPOS;WAIT,missile_launched_circle;missile_launched_smoke;missile_launched_smoke_a;missile_shot_smoke,
particle,missile_launched_smoke,enemy.particle,3230,SMOKE,TOP,,,,
particle,missile_launched_smoke_a,enemy.particle,3260,,TOP_ADD,,CLONE,missile_launched_smoke,
particle,missile_launched_circle,enemy.particle,3276,,,,CLONE,golemtoy_rm_orbit_circle_1,
particle,missile_shot_smoke,enemy.particle,3289,,TOP,,CLONE,missile_launched_smoke,
timeline,missile_bomb,enemy.particle,3302,,,sx;sy,SND,machine_die_smoke_black_nm;machine_die_smoke_red_nm,
timeline,missile_selfbomb,enemy.particle,3308,,,sx;sy,SND,machine_die_smoke_black_nm;machine_die_smoke_red_nm;missile_selfbomb_halo,
particle,missile_selfbomb_halo,enemy.particle,3316,,TOP_ADD,,CLONE,pr_hit_stab_halo,
timeline,golemtoy_arrow_reload,enemy.particle,3333,,,attr;by;cx;cy,SND,,
particle,golemtoy_arrow_reload_line_FIRE,enemy.particle,3343,,,,CLONE;MERGE,__arrow_FIRE;od_absorbing_land_line,
particle,golemtoy_arrow_reload_halo_FIRE,enemy.particle,3351,,,,CLONE;MERGE,__arrow_FIRE;carrier_activate_eye_halo,
timeline,golemtoy_arrow_prepare_1,enemy.particle,3360,,,agR;attr;cx;cy;time,SND;WAIT,,
particle,golemtoy_arrow_circle_FIRE,enemy.particle,3370,,,,CLONE;MERGE,__arrow_FIRE;golemtoy_rm_orbit_circle_1,
particle,golemtoy_arrow_line_FIRE,enemy.particle,3385,,TOP_ADD,,CLONE;MERGE,__arrow_FIRE;enemy_get_experience_line,
timeline,golemtoy_arrow_reflec,enemy.particle,3400,,,attr;da;dx;dy,DATAD;WAIT,,
timeline,golemtoy_arrow_shot,enemy.particle,3412,,,attr;sa;sx;sy,DATAS;SND_SPOS;WAIT,,
timeline,golemtoy_arrow_shot_rotate,enemy.particle,3423,,,agR;attr;cx;cy;sx;sy,CALCAGR;DATAS;SND_SPOS;WAIT,pentapod_beam1_dust;pentapod_beam1_halo,
particle,golemtoy_arrow_hit_circle_FIRE,enemy.particle,3448,CIRCLE,ADD,,MERGE,__arrow_FIRE_2,
particle,__arrow_FIRE,enemy.particle,3469,,,,,,
particle,__arrow_ICE,enemy.particle,3474,,,,,,
particle,__arrow_THUNDER,enemy.particle,3479,,,,,,
particle,__arrow_ACME,enemy.particle,3484,,,,,,
particle,__arrow_SPERMA,enemy.particle,3489,,,,,,
particle,__arrow_FIRE_2,enemy.particle,3494,,,,,,
particle,__arrow_ICE_2,enemy.particle,3499,,,,,,
particle,__arrow_THUNDER_2,enemy.particle,3504,,,,,,
particle,__arrow_ACME_2,enemy.particle,3509,,,,,,
particle,__arrow_SPERMA_2,enemy.particle,3514,,,,,,
particle,golemtoy_arrow_dot_FIRE,enemy.particle,3519,LINE,,,MERGE,__arrow_FIRE,
particle,golemtoy_arrow_dot_ICE,enemy.particle,3543,,,,CLONE;MERGE,__arrow_ICE;golemtoy_arrow_dot_FIRE,
particle,golemtoy_arrow_dot_THUNDER,enemy.particle,3547,,,,CLONE;MERGE,__arrow_THUNDER;golemtoy_arrow_dot_FIRE,
particle,golemtoy_arrow_dot_ACME,enemy.particle,3551,,,,CLONE;MERGE,__arrow_ACME;golemtoy_arrow_dot_FIRE,
particle,golemtoy_arrow_dot_SPERMA,enemy.particle,3555,,,,CLONE;MERGE,__arrow_SPERMA;golemtoy_arrow_dot_FIRE,
particle,golemtoy_arrow_reload_line_ICE,enemy.particle,3560,,,,CLONE;MERGE,__arrow_ICE;golemtoy_arrow_reload_line_FIRE,
particle,golemtoy_arrow_reload_line_THUNDER,enemy.particle,3563,,,,CLONE;MERGE,__arrow_THUNDER;golemtoy_arrow_reload_line_FIRE,
particle,golemtoy_arrow_reload_line_ACME,enemy.particle,3566,,,,CLONE;MERGE,__arrow_ACME;golemtoy_arrow_reload_line_FIRE,
particle,golemtoy_arrow_reload_line_SPERMA,enemy.particle,3570,,,,CLONE;MERGE,__arrow_SPERMA;golemtoy_arrow_reload_line_FIRE,
particle,golemtoy_arrow_reload_halo_ICE,enemy.particle,3576,,,,CLONE;MERGE,__arrow_ICE;golemtoy_arrow_reload_halo_FIRE,
particle,golemtoy_arrow_reload_halo_THUNDER,enemy.particle,3580,,,,CLONE;MERGE,__arrow_THUNDER;golemtoy_arrow_reload_halo_FIRE,
particle,golemtoy_arrow_reload_halo_ACME,enemy.particle,3583,,,,CLONE;MERGE,__arrow_ACME;golemtoy_arrow_reload_halo_FIRE,
particle,golemtoy_arrow_reload_halo_SPERMA,enemy.particle,3587,,,,CLONE;MERGE,__arrow_SPERMA;golemtoy_arrow_reload_halo_FIRE,
particle,golemtoy_arrow_reload_circle_FIRE,enemy.particle,3593,,,,CLONE;MERGE,__arrow_FIRE;carrier_activate_eye_circle,
particle,golemtoy_arrow_reload_circle_ICE,enemy.particle,3602,,,,CLONE;MERGE,__arrow_ICE;golemtoy_arrow_reload_circle_FIRE,
particle,golemtoy_arrow_reload_circle_THUNDER,enemy.particle,3606,,,,CLONE;MERGE,__arrow_THUNDER;golemtoy_arrow_reload_circle_FIRE,
particle,golemtoy_arrow_reload_circle_ACME,enemy.particle,3609,,,,CLONE;MERGE,__arrow_ACME;golemtoy_arrow_reload_circle_FIRE,
particle,golemtoy_arrow_reload_circle_SPERMA,enemy.particle,3613,,,,CLONE;MERGE,__arrow_SPERMA;golemtoy_arrow_reload_circle_FIRE,
particle,golemtoy_arrow_circle_ICE,enemy.particle,3619,,,,CLONE;MERGE,__arrow_ICE;golemtoy_arrow_circle_FIRE,
particle,golemtoy_arrow_circle_THUNDER,enemy.particle,3624,,,,CLONE;MERGE,__arrow_THUNDER;golemtoy_arrow_circle_FIRE,
particle,golemtoy_arrow_circle_ACME,enemy.particle,3628,,,,CLONE;MERGE,__arrow_ACME;golemtoy_arrow_circle_FIRE,
particle,golemtoy_arrow_circle_SPERMA,enemy.particle,3633,,,,CLONE;MERGE,__arrow_SPERMA;golemtoy_arrow_circle_FIRE,
particle,golemtoy_arrow_line_ICE,enemy.particle,3638,,,,CLONE;MERGE,__arrow_ICE;golemtoy_arrow_line_FIRE,
particle,golemtoy_arrow_line_THUNDER,enemy.particle,3642,,,,CLONE;MERGE,__arrow_THUNDER;golemtoy_arrow_line_FIRE,
particle,golemtoy_arrow_line_ACME,enemy.particle,3646,,,,CLONE;MERGE,__arrow_ACME;golemtoy_arrow_line_FIRE,
particle,golemtoy_arrow_line_SPERMA,enemy.particle,3650,,,,CLONE;MERGE,__arrow_SPERMA;golemtoy_arrow_line_FIRE,
particle,golemtoy_arrow_hit_circle_ICE,enemy.particle,3655,,,,CLONE;MERGE,__arrow_ICE_2;golemtoy_arrow_hit_circle_FIRE,
particle,golemtoy_arrow_hit_circle_THUNDER,enemy.particle,3658,,,,CLONE;MERGE,__arrow_THUNDER_2;golemtoy_arrow_hit_circle_FIRE,
particle,golemtoy_arrow_hit_circle_ACME,enemy.particle,3661,,,,CLONE;MERGE,__arrow_ACME_2;golemtoy_arrow_hit_circle_FIRE,
particle,golemtoy_arrow_hit_circle_SPERMA,enemy.particle,3664,,,,CLONE;MERGE,__arrow_SPERMA_2;golemtoy_arrow_hit_circle_FIRE,
particle,mech_stunned_elec,enemy.particle,3669,ELEC_LINE,TOP,,,,
particle,dark_stunned_elec,enemy.particle,3695,,,,CLONE,mech_stunned_elec,
timeline,gecko_grab_jump,enemy.particle,3706,,,cx;cy,SND;WAIT,attack_start_dot;attack_start_line;snake_dig_start_halo,
timeline,gecho_spin_prepare,enemy.particle,3716,,,,SND;WAIT,,
timeline,gecho_spin_attack,enemy.particle,3722,,,cx;cy;scl,AGD;MYPOS;SND;WAIT,,
attack_ghost,gecko_spin_attack_b,enemy.particle,3733,,,,,,
attack_ghost,gecko_spin_attack_t,enemy.particle,3750,,,,CLONE,gecko_spin_attack_b,
timeline,frog_jump_init,enemy.particle,3760,,,by;cx,SND,ground_bump_smoke_l;ground_bump_smoke_r,
timeline,frozenbullet,enemy.particle,3769,,,agR;sx;sy,CALCAGR;DATAS;SND;WAIT,frozenbullet_init_circle;frozenbullet_init_dot;process_ser_frozen_smoke,
particle,frozenbullet_init_circle,enemy.particle,3784,CIRCLE,TOP,,,,
particle,frozenbullet_init_dot,enemy.particle,3811,,,,CLONE,frozen_gacha_dot,
timeline,frozenbullet_hit,enemy.particle,3823,,,sx;sy,DATAS;SND,frozenbullet_hit_tri_a,
particle,frozenbullet_hit_tri_a,enemy.particle,3830,POLYGON,TOP,,,,
timeline,frog_tongue_activate,enemy.particle,3866,,,,,,
timeline,frog_tongue_roll_out,enemy.particle,3872,,,,SND,,
timeline,frog_bury_prepare,enemy.particle,3878,,,,QU_HANDSHAKE;QU_VIB;SND,,
timeline,frog_bury_init,enemy.particle,3885,,,by;cx;cy,DRO_GROUNDBREAK;QU_SINH;QU_SINV;QU_VIB;SND,frog_bury_init_smoke;slime_overdrive_eat_close_circle;slime_overdrive_eat_close_halo;snake_circle_l;snake_dig_start_halo,
particle,frog_bury_init_smoke,enemy.particle,3903,SMOKE,,,,,
timeline,frog_vore_prepare,enemy.particle,3933,,,,SND,,
timeline,frog_vore_in_stomach,enemy.particle,3938,,,,EFT;QU_SINV,,flash
timeline,frog_vore_fatal_dmg,enemy.particle,3943,,,cx;cy,EFT;QU_HANDSHAKE;QU_SINV;SND,frog_vore_fatal_dmg_smoke,flash
particle,frog_vore_fatal_dmg_smoke,enemy.particle,3955,SMOKE_L,TOP,,,,
timeline,mgolem_jumpwire_shot,enemy.particle,3989,,,sa;sx;sy,DATAS;SND_SPOS;WAIT,golemtoy_rm_shot_circle;mgolem_jumpwire_shot_smoke_1,
particle,mgolem_jumpwire_shot_smoke_1,enemy.particle,3998,,,,CLONE,golemtoy_rm_shot_smoke_1,
timeline,mgolem_jumpwire_hit,enemy.particle,4005,,,sa;sx;sy,DATAS;SND_SPOS;WAIT,mgolem_jumpwire_hit_line,
particle,mgolem_jumpwire_hit_line,enemy.particle,4013,,,,CLONE,hit_tackle_wall_dot,
timeline,mgolem_jumpwire_release,enemy.particle,4020,,,agR;cx;cy,SND_CPOS,mgolem_jumpwire_release_halo,
particle,mgolem_jumpwire_release_halo,enemy.particle,4030,,,,CLONE,puppy_running_halo,
timeline,mgolem_jumpwire_jumpinit,enemy.particle,4039,,,_ex_min;_slen_max;by;cx,SND_CPOS;WAIT,ground_bump_smoke_l;ground_bump_smoke_r,
timeline,mgolem_jumpwire_close,enemy.particle,4049,,,,SND_CPOS;WAIT,,
timeline,mgolem_jumpwire_close_quit,enemy.particle,4058,,,,SND_CPOS;WAIT,,
timeline,mgolem_gunshot_init,enemy.particle,4067,,,,SND_CPOS,,
timeline,mgolem_gunshot_shoot,enemy.particle,4076,,,sa;sx;sxr;sy;syr,DATAS;SND_SPOS;WAIT,mgolem_gunshot_shoot_circle;mgolem_gunshot_shoot_halo;mgolem_gunshot_shoot_halo_s,
particle,mgolem_gunshot_shoot_halo,enemy.particle,4089,,TOP_ADD,,CLONE,itembomb_throw_halo,
particle,mgolem_gunshot_shoot_halo_s,enemy.particle,4098,,TOP_SUB,,CLONE,itembomb_throw_halo,
particle,mgolem_gunshot_shoot_circle,enemy.particle,4108,,,,CLONE,reflect_circle,
timeline,mgolem_gunshot_fly,enemy.particle,4116,,,sa;sx;sy,DATAS,mgolem_gunshot_fly_circle,
particle,mgolem_gunshot_fly_circle,enemy.particle,4122,BLURCIRCLE,,,,,
timeline,mgolem_gunshot_hit,enemy.particle,4152,,,_sar;sa;sx;sy,DATAS;SND,mgolem_gunshot_hit_circle;mgolem_gunshot_hit_halo;mgolem_gunshot_hit_halo_sub,
particle,mgolem_gunshot_hit_halo,enemy.particle,4161,,TOP_ADD,,CLONE,magic_thunder_explode_s_halo,
particle,mgolem_gunshot_hit_halo_sub,enemy.particle,4179,,,,CLONE,magic_thunder_explode_s_halo_sub,
particle,mgolem_gunshot_hit_circle,enemy.particle,4191,,,,CLONE,magic_thunder_explode_s_circle,
particle,stain_ice_floor_smoke,enemy.particle,4209,SMOKE,,,,,
timeline,webshot_appear,enemy.particle,4232,,,agR;sx;sy,CALCAGR;DATAS;WAIT,webshot_appear_splash_circle;webshot_appear_splash_init_circle,
particle,webshot_appear_splash_init_circle,enemy.particle,4245,,NORMAL,,CLONE,reflect_circle,
particle,webshot_appear_splash_circle,enemy.particle,4257,,,,CLONE,sponge_shot_splash_circle,
timeline,webshot_ground,enemy.particle,4263,,,sx;sy,DATAS;SND,webshot_doorline_l;webshot_ground_circle,
timeline,foot_web,enemy.particle,4271,,,cx;cy,SND,webshot_doorline,
particle,webshot_ground_circle,enemy.particle,4277,CIRCLE,TOP,,,,
particle,webshot_doorline,enemy.particle,4293,DOORLINE,TOP_ADD,,,,
particle,webshot_doorline_l,enemy.particle,4324,,,,CLONE,webshot_doorline,
timeline,stain_basic_ice,enemy.particle,4337,,,cx;cy,SND,process_ser_frozen_smoke,
timeline,stain_basic_fire,enemy.particle,4342,,,_scale;sx;sy,SND,nusi_shot_explode_halo;nusi_shot_explode_halo_s;nusi_shot_explode_smoke,
timeline,stain_basic_web,enemy.particle,4352,,,sx;sy,DRO;SND,,
timeline,pentapod_beam0,enemy.particle,4364,,,__d;__dcnt;__dcnt_max;_count;charget;cx;cy;snd,SND;WAIT,pentapod_beam0_ripple;slime_attack_charge_line,
particle,pentapod_beam0_ripple,enemy.particle,4389,SHOCKRIPPLE_C,,,,,
timeline,pentapod_beam1,enemy.particle,4410,,,cx;cy,,,
particle,pentapod_beam1_halo,enemy.particle,4419,,,,CLONE,magic_fireball_explode_halo,
particle,pentapod_beam1_dust,enemy.particle,4425,,,,CLONE,magic_fireball_explode_dust,
timeline,pentapod_jump_init,enemy.particle,4434,,,by;cx;cy,SND,ground_bump_smoke_l;ground_bump_smoke_r;slime_overdrive_eat_close_halo,
timeline,pentapod_atk_open,enemy.particle,4441,,,cx;cy,SND,slime_overdrive_eat_close_circle,
timeline,pentapod_absorb_prepare,enemy.particle,4448,,,,SND;WAIT,,
timeline,pentapod_absorb_splash,enemy.particle,4455,,,aR;ax;cx;cy,DRO;SND,pentapod_absorb_splash_circle,
particle,pentapod_absorb_splash_circle,enemy.particle,4473,CIRCLE,TOP,,,,
timeline,pig_jump_prepare,enemy.particle,4496,,,,SND;WAIT,,
timeline,pig_foot,enemy.particle,4501,,,cx;cy;sizey,SIZE;SND;WAIT,ground_bump_smoke_s_l,
timeline,pig_forefoot,enemy.particle,4508,,,ax;cx;cy;sizex;sizey,SIZE;SND;WAIT,ground_bump_smoke_s_l,
timeline,pig_jump_init,enemy.particle,4517,,,by;cx;cy,SND;WAIT,ground_bump_smoke_l;ground_bump_smoke_r;slime_overdrive_eat_close_halo,
timeline,pig_liftup_attack0,enemy.particle,4526,,,_i;cx;cy,SND;WAIT,cow_grawl_aula_ripple,
timeline,pig_liftup_running,enemy.particle,4538,,,_i;ax;cx;cy;sizex;sizey,EFT;MYPOS;SIZE;WAIT,,dash_afterimage
timeline,pig_liftup_attack1,enemy.particle,4553,,,ax;cx;cy,AGD;QU_VIB2;SND;WAIT,slime_overdrive_eat_close_circle;slime_overdrive_eat_close_halo,
attack_ghost,pig_attack1_swing,enemy.particle,4566,,,,,,
timeline,pig_attack1_wallhit,enemy.particle,4584,,,ax;cx;cy;sizex,QU_VIB2;SIZE;SND,ground_bump_smoke_l;ground_bump_smoke_r,
timeline,pig_dangerous_star,enemy.particle,4601,,,_cnt;_x;_y;cx;cy;sizex;sizey,MYPOS;SIZE,nusit_dangerous_mist;nusit_dangerous_star;nusit_dangerous_star_s,
timeline,pig_counter0,enemy.particle,4621,,,,MERGE;SND,pig_dangerous_star,
timeline,pig_counter_bump,enemy.particle,4628,,,by;cx;cy;sizey,QU_VIB2;SIZE;SND;WAIT,ground_bump_smoke_l;ground_bump_smoke_r,
timeline,pig_licking,enemy.particle,4643,,,aR;ax;cx;cy,SND,pentapod_absorb_splash_circle,
timeline,roaper_dive0,enemy.particle,4656,,,cx;cy;sizey,SIZE;SND;WAIT,roaper_dive_cylinder;sponge_attack_init_halo,
particle,roaper_dive_cylinder,enemy.particle,4669,CYLINDER_GRD,ADD,,,,
timeline,roaper_dive_fall,enemy.particle,4693,,,_i;aR;by;cx;cy;cylR;sizey,DRO_GROUNDBREAK;MYPOS;SIZE;SND;WAIT,cow_grawl_aula_ripple;roaper_dive_cylinder;slime_overdrive_eat_close_circle;slime_overdrive_eat_close_halo,
timeline,roaper_dive_appear,enemy.particle,4717,,,aR;by;cx;cy;cylR;sizey,SIZE;SND;WAIT,roaper_dive_cylinder;slime_overdrive_eat_close_circle;slime_overdrive_eat_close_halo,
timeline,roaper_atk0,enemy.particle,4731,,,cx;cy,SND;WAIT,roaper_atk0_charge_circle;roaper_atk0_charge_line,
particle,roaper_atk0_charge_line,enemy.particle,4740,DOORLINE,TOP_ADD,,,,
particle,roaper_atk0_charge_circle,enemy.particle,4764,BLURCIRCLE,,,CLONE,roaper_atk0_charge_line,
timeline,roaper_atk1,enemy.particle,4787,,,ax;cx;cy;enlarge_scale;sizey,AGD;ENLARGE;SIZE;SND;WAIT,,
attack_ghost,roaper_swing,enemy.particle,4801,,,,,,
attack_ghost,roaper_swing_t,enemy.particle,4818,,,,CLONE,roaper_swing,
timeline,roaper_absorb_small,enemy.particle,4826,,,aR;ax;cx;cy;sizex;sizey;y,SIZE;SND,absorb_atk_basic,
timeline,roaper_rot0,enemy.particle,4844,,,cx;cy,SND;WAIT,roaper_atk0_charge_circle;roaper_atk0_charge_line,
timeline,roaper_rot1,enemy.particle,4852,,,_i;ax;cx;cy;sizey,AGD;MYPOS;SIZE;SND;WAIT,,
attack_ghost,roaper_swing_rot,enemy.particle,4871,,,,CLONE,roaper_swing,
timeline,roaper_grabmaden0,enemy.particle,4883,,,_i;cx;cy,MYPOS;SND;WAIT,cow_grawl_aula_ripple;roaper_atk0_charge_circle;roaper_atk0_charge_line,
timeline,roaper_grabmaden1,enemy.particle,4899,,,aR;cx;cy,QU_SINH;QU_VIB;SND;WAIT,slime_overdrive_eat_close_circle;slime_overdrive_eat_close_halo,
timeline,roaper_absorb_maden,enemy.particle,4915,,,aR;ax;centerpr;cx;cy;first,EFT;SND,absorb_atk_basic,rectflash
timeline,ramda_jump,enemy.particle,4938,,,_ex_min;_slen_max;by;cx;sizex,SND,ground_bump_smoke_l;ground_bump_smoke_r,
timeline,ramda_punch_weed_prepare,enemy.particle,4947,,,,SND;WAIT,,
timeline,ramda_punch_weed,enemy.particle,4952,,,,SND;WAIT,,
timeline,ramda_punch_weed_bump,enemy.particle,4957,,,,SND;WAIT,,
timeline,ramda_punch_main_prepare,enemy.particle,4962,,,cx;cy,SND;WAIT,roaper_atk0_charge_circle;roaper_atk0_charge_line,
timeline,ramda_punch_main,enemy.particle,4971,,,,SND;WAIT,,
timeline,ramda_absorb,enemy.particle,4977,,,cx;cy;in_stomach;is_torture,DRO;SND;WAIT,,
timeline,ramda_absorb_in_stomach,enemy.particle,4990,,,alpha;cx;cy,SND,ramda_absorb_in_stomach_drip,
timeline,ramda_absorb_in_stomach_dive,enemy.particle,4998,,,cx;cy,DRO;MYPOS;SND;WAIT,,
particle,ramda_absorb_in_stomach_drip,enemy.particle,5011,DRIP,TOP,,,,
particle,leechqueen_absorb_in_stomach_drip,enemy.particle,5038,,,,CLONE,ramda_absorb_in_stomach_drip,
timeline,ehome_meteor_fall,enemy.particle,5046,,,,SND_CPOS;WAIT,,
timeline,ehome_meteor_land,enemy.particle,5053,,,by;cx;cy,DRO_GROUNDBREAK;QU_HANDSHAKE;QU_SINV2;QU_VIB;SND,ehome_meteor_land_smoke;od_explode_halo_b;slime_overdrive_eat_close_circle,
particle,ehome_meteor_land_smoke,enemy.particle,5068,SMOKE_L,,,,,
timeline,ehome_summon0,enemy.particle,5099,,,cx;cy,MYPOS;SND_CPOS;WAIT,ehome_summon0_line,
particle,ehome_summon0_line,enemy.particle,5109,,SUB,,CLONE,roaper_atk0_charge_line,
timeline,ehome_summon_shot,enemy.particle,5133,,,agR;cx;cy,DRO;SND,slime_overdrive_eat_close_circle;slime_overdrive_eat_close_halo;sponge_shot_release_halo;sponge_shot_release_ripple;sponge_shot_release_ripple_a,
timeline,ehome_summon_shot_prog,enemy.particle,5149,,,agR;sx;sy,CALCAGR;DATAS;WAIT,webshot_appear_splash_circle,
timeline,ehome_summon_shot_explode,enemy.particle,5158,,,sx;sy,DATAS;DRO;SND,sponge_shot_explode_ripple,
timeline,golemtoy_catapult_release,enemy.particle,5167,,,,SND;WAIT,,
timeline,honeycomb_orbit_charge0,enemy.particle,5184,,,__d;__dcnt;__dcnt_max;charget;cx;cy,SND_CPOS;WAIT,honeycomb_orbit_charge0_elec;honeycomb_orbit_charge0_ripple;honeycomb_orbit_explode_bcircle_0,
particle,honeycomb_orbit_charge0_ripple,enemy.particle,5207,,,,CLONE,pentapod_beam0_ripple,
particle,honeycomb_orbit_charge0_elec,enemy.particle,5217,ELEC_LINE,TOP_ADD,,,,
timeline,honeycomb_orbit_charge1,enemy.particle,5243,,,cx;cy;radius,PVIB;SND_CPOS;WAIT,honeycomb_orbit_charge1_halo;honeycomb_orbit_charge1_halo_sub;honeycomb_orbit_expectation_circle;honeycomb_orbit_expectation_circle_sub,
particle,honeycomb_orbit_expectation_circle_sub,enemy.particle,5260,BLURCIRCLE,TOP_SUB,,,,
particle,honeycomb_orbit_expectation_circle,enemy.particle,5278,BLURCIRCLE,TOP_ADD,,,,
particle,honeycomb_orbit_charge1_halo,enemy.particle,5299,HALO,TOP_ADD,,,,
particle,honeycomb_orbit_charge1_halo_sub,enemy.particle,5320,,SUB,,CLONE,honeycomb_orbit_charge1_halo,
particle,honeycomb_orbit_charge1_halo_s,enemy.particle,5328,,,,CLONE,honeycomb_orbit_charge1_halo,
particle,honeycomb_orbit_charge1_halo_s_sub,enemy.particle,5335,,,,CLONE,honeycomb_orbit_charge1_halo_sub,
timeline,honeycomb_orbit_charge2,enemy.particle,5342,,,_i;cx;cy;dmg_count;dmg_intv;maxt;radius,PVIB;QU_HANDSHAKE;SND_CPOS;WAIT,honeycomb_orbit_explode_bcircle_0;honeycomb_orbit_explode_elec;honeycomb_orbit_explode_ripple,
particle,honeycomb_orbit_explode_bcircle_0,enemy.particle,5366,,,,CLONE,itembomb_magic_explode_bcircle_0,
particle,honeycomb_orbit_explode_ripple,enemy.particle,5375,,,,CLONE,itembomb_magic_explode_ripple,
particle,honeycomb_orbit_explode_elec,enemy.particle,5387,,,,CLONE,itembomb_magic_explode_elec,
timeline,honeycomb_orbit_charge3,enemy.particle,5413,,,delay,SND_CPOS;WAIT,,
timeline,honeycomb_gun_prepare,enemy.particle,5424,,,,SND_CPOS;WAIT,,
timeline,honeycomb_gun_shot,enemy.particle,5431,,,agR;hx;hy,PVIB;SND,honeycomb_gun_shot_smoke;slime_overdrive_eat_close_circle;slime_overdrive_eat_close_halo,
particle,honeycomb_gun_shot_smoke,enemy.particle,5444,,,,CLONE,cc_ep_tension0_smoke,
timeline,honeycomb_wip_prepare0,enemy.particle,5453,,,cx;cy;maxt,SND_CPOS;WAIT,roaper_atk0_charge_circle;roaper_atk0_charge_line,
timeline,honeycomb_wip_prepare1,enemy.particle,5464,,,cx;cy;index,SND_CPOS;WAIT,honeycomb_orbit_charge1_halo_s;honeycomb_orbit_charge1_halo_s_sub,
timeline,honeycomb_wip_swing,enemy.particle,5479,,,ax;cx;cy;scl,AGD;SND_CPOS;WAIT,attack_start_dot_directional_long,
attack_ghost,honeycomb_wip_swing,enemy.particle,5487,,,,,,
timeline,honeycomb_needle_prepare0,enemy.particle,5508,,,cx;cy;maxt,SND_CPOS;WAIT,roaper_atk0_charge_circle;roaper_atk0_charge_line,
timeline,honeycomb_needle_prepare1,enemy.particle,5519,,,cx;depy,SND_CPOS;WAIT,honeycomb_orbit_charge1_halo;honeycomb_orbit_charge1_halo_sub,
timeline,honeycomb_needle_prepare2,enemy.particle,5531,,,cx;depy,SND_CPOS;WAIT,roaper_dive_cylinder,
timeline,honeycomb_needle_appear,enemy.particle,5541,,,_vx1;_vx2;_vy1;_vy2;agR;cx;cy;index,DRO_GROUNDBREAK;PVIB;QU_SINV;SND;WAIT,attack_start_dot_directional_long;slime_overdrive_eat_close_circle;slime_overdrive_eat_close_halo,
timeline,honeycomb_bush_prepare,enemy.particle,5569,,,cx;cy;maxt,SND_CPOS;WAIT,honeycomb_orbit_charge1_halo_s;honeycomb_orbit_charge1_halo_s_sub;roaper_atk0_charge_circle;roaper_atk0_charge_line,
timeline,honeycomb_bush_attack,enemy.particle,5585,,,cx;cy;radius,EFT;SND_CPOS;WAIT,honeycomb_guard_bush_circle_0;honeycomb_guard_bush_circle_1;honeycomb_guard_bush_tri_0;honeycomb_guard_bush_tri_line,postHamonMagic
particle,honeycomb_guard_bush_circle_0,enemy.particle,5597,,,,CLONE,guard_bush_circle_0,
particle,honeycomb_guard_bush_circle_1,enemy.particle,5608,,,,CLONE,guard_bush_circle_1,
particle,honeycomb_guard_bush_tri_0,enemy.particle,5621,,,,CLONE,guard_bush_tri_0,
particle,honeycomb_guard_bush_tri_line,enemy.particle,5629,,,,CLONE,honeycomb_guard_bush_tri_0,
timeline,syabon_activate,enemy.particle,5636,,,cx;cy;radius,,syabon_broken_blur;syabon_broken_circle,
timeline,syabon_broken,enemy.particle,5643,,,cx;cy;playsound;radius,SND,syabon_broken_blur;syabon_broken_circle;syabon_broken_halo,
particle,syabon_broken_halo,enemy.particle,5658,HALO,TOP,,,,
particle,syabon_broken_circle,enemy.particle,5686,CIRCLE,TOP,,,,
particle,syabon_broken_blur,enemy.particle,5714,BLURCIRCLE,,,,,
timeline,leech_walk_dive0,enemy.particle,5731,,,,SND;WAIT,,
timeline,leech_walk_dive1,enemy.particle,5737,,,cx;first;mbottom,CALCPOS;DRO_GROUNDBREAK;SND;WAIT,leech_smoke;snake_dig_start_halo,
particle,leech_smoke,enemy.particle,5756,SMOKE_L,TOP,,,,
timeline,leech_walk_dive_appear0,enemy.particle,5780,,,cx;i;mbottom,CALCPOS;SND;WAIT,leech_smoke,
timeline,leech_walk_dive_appear1,enemy.particle,5797,,,cx;mbottom,CALCPOS;DRO_GROUNDBREAK;SND;WAIT,snake_dig_start_halo,
timeline,leech_attack0,enemy.particle,5807,,,cx;cy;i,SND;WAIT,roaper_atk0_charge_circle;roaper_atk0_charge_line;snake_dig_start_halo,
timeline,leech_attack1,enemy.particle,5824,,,agR;cx;cy,SND;WAIT,snake_dig_start_halo,
timeline,leech_od_dive,enemy.particle,5837,,,agR;cx;cy,DRO_GROUNDBREAK;SND;WAIT,leech_od_smoke;snake_dig_start_halo,
particle,leech_od_smoke,enemy.particle,5848,SMOKE_L,,,CLONE,snake_smoke,
timeline,leech_od_walk_prepare,enemy.particle,5863,,,agR;cx;cy;delay,DRO_GROUNDBREAK;QU_HANDSHAKE_NEAR;QU_SINV_NEAR;SND;WAIT,leech_od_walk_prepare_smoke,
particle,leech_od_walk_prepare_smoke,enemy.particle,5877,SMOKE_L,,,CLONE,snake_smoke,
timeline,leech_od_absorb_hit,enemy.particle,5897,,,agR;cx;cy,QU_VIB;SND;WAIT,leech_od_absorb_hit_smoke,
particle,leech_od_absorb_hit_smoke,enemy.particle,5909,SMOKE_L,,,CLONE,snake_smoke,
timeline,leech_od_absorb_liquid,enemy.particle,5931,,,_pow;cx;cy;first,DRO;SND;TE_QU_SINH,,
timeline,mg_stonebullet_prepare,enemy.particle,5955,,,agR;sx;sy,SND,mg_stonebullet_prepare_blurcircle;mg_stonebullet_prepare_circle;slime_overdrive_eat_close_halo,
particle,mg_stonebullet_prepare_circle,enemy.particle,5963,SHOCKRIPPLE_D,TOP_SUB,,,,
particle,mg_stonebullet_prepare_blurcircle,enemy.particle,5988,BLURPOLYGON,NORMAL,,CLONE,mg_stonebullet_prepare_circle,
timeline,land_enemy_splash_water,enemy.particle,6001,,,cx;cy,DRO;SND,,
timeline,empress_shotgun_charge,enemy.particle,6008,,,cx;cy,FOLLOW;SND,empress_shotgun_appear_chrage;od_charge_special_halo;od_charge_special_triangle,
particle,empress_shotgun_appear_chrage,enemy.particle,6017,FRAMERIPPLE,,,CLONE,fox_chaserball_appear_chrage,
timeline,empress_runattack_charge,enemy.particle,6034,,,charge_t;cx;cy;sizey,FOLLOW;QU_SINV;SIZE;SND;WAIT,roaper_atk0_charge_circle;roaper_atk0_charge_line;sponge_attack_init_halo,
timeline,empress_halo,enemy.particle,6051,,,cx;cy,WAIT,honeycomb_orbit_charge1_halo;honeycomb_orbit_charge1_halo_sub,
timeline,empress_runattack_attack1,enemy.particle,6061,,,ax;cx;cy;haloR;i;sizex;sizey;ydf,EFT;MYPOS;QU_VIB;SIZE;SND;WAIT,enemy_backstep_halo_long;ground_bump_smoke_l;ground_bump_smoke_r,dash_afterimage
timeline,empress_runattack_attack2,enemy.particle,6086,,,ax;cx;cy,QU_HANDSHAKE;QU_SINH;QU_VIB;SND,slime_overdrive_eat_close_circle;slime_overdrive_eat_close_halo,
timeline,empress_jump,enemy.particle,6099,,,agR;ax;cx;cy,SND,enemy_backstep_halo_long;ground_bump_smoke_l;ground_bump_smoke_r,
timeline,empress_shotgunfall0,enemy.particle,6109,,,ax;charge_t;cx;cy;sizey,FOLLOW;SIZE;SND;WAIT,enemy_backstep_halo_long;ground_bump_smoke_l;ground_bump_smoke_r;roaper_atk0_charge_circle;roaper_atk0_charge_line;sponge_attack_init_halo,
timeline,empress_shotgunfall1,enemy.particle,6131,,,cx;cy;i,WAIT,enemy_backstep_halo_long;slime_overdrive_eat_close_circle;slime_overdrive_eat_close_halo,
timeline,empress_shotgunfall_land,enemy.particle,6147,,,agR;ax;cx;cy,PVIB;QU_SINV;QU_VIB;SND;WAIT,ground_bump_smoke_l;ground_bump_smoke_r;od_explode_halo;od_explode_halo_b;od_explode_sabi;od_flare_circle,
timeline,empress_shotgun_fall_elec,enemy.particle,6168,,,agR;cx;cy;i;tx;ty,FOLLOW;SND;TARGETPOS;WAIT,od_flare_circle,
particle,empress_shotgun_fall_elec,enemy.particle,6191,ELEC,TOP_ADD,,,,
timeline,empress_absorb_kiss0,enemy.particle,6222,,,mtx;mty,DRO;MOUTHPOS;SND;TE_QU_SINH,,
timeline,empress_absorb_kiss1,enemy.particle,6234,,,level;mtx;mty,DRO;MOUTHPOS;SND;TE_QU_SINH,,
timeline,leechqueen_attack0_0_star,enemy.particle,6273,,,ax;by;cy;scale,FOLLOW,,
timeline,leechqueen_attack0_0,enemy.particle,6284,,,cx;cy;wi,FOLLOW;QU_HANDSHAKE;QU_VIB;SND;WAIT,roaper_atk0_charge_circle;roaper_atk0_charge_line,
timeline,leechqueen_attack0_1,enemy.particle,6299,,,,FOLLOW;QU_VIB;SND,,
timeline,leechqueen_attack0_hit_ground,enemy.particle,6307,,,cx;cy;wi,PVIB;QU_SINV;QU_VIB;SND,leechqueen_bump_dot;leechqueen_bump_smoke,
particle,leechqueen_bump_smoke,enemy.particle,6322,SMOKE_L,TOP,,CLONE,ground_bump_smoke_r,
particle,leechqueen_bump_dot,enemy.particle,6345,POLYGON,TOP,,,,
timeline,leechqueen_shot_0,enemy.particle,6374,,,,QU_HANDSHAKE;QU_VIB;SND;TE_QU_VIB;WAIT,,
timeline,leechqueen_shot_1,enemy.particle,6383,,,,SND;WAIT,,
timeline,leechqueen_shot_prepare,enemy.particle,6389,,,cx;cy,FOLLOW;SND;WAIT,,
timeline,leechqueen_shot_trigger,enemy.particle,6398,,,agR;cx;cy;scale,AGD;FOLLOW;SND;WAIT,od_flare_circle,
attack_ghost,leechqueen_shot_trigger_swing,enemy.particle,6413,,,,,,
timeline,dropliquid_init,enemy.particle,6433,,,agR;color;sx;sy,DATAS;SND;WAIT,dropliquid_flying_dot;dropliquid_init_dot;dropliquid_init_smoke,
particle,dropliquid_init_dot,enemy.particle,6449,POLYGON,TOP_ADD,,,,
particle,dropliquid_flying_dot,enemy.particle,6476,,,,CLONE,dropliquid_init_dot,
particle,dropliquid_init_smoke,enemy.particle,6486,SMOKE_L,TOP_ADD,,,,
timeline,dropliquid_ground,enemy.particle,6510,,,color;sx;sy,DATAS;SND,dropliquid_ground_dot,
particle,dropliquid_ground_dot,enemy.particle,6520,,,,CLONE,dropliquid_init_dot,
timeline,dropliquid_explode_prepare,enemy.particle,6530,,,color;sx;sy,DATAS;FOLLOW;SND;WAIT,dropliquid_explode_prepare_line,
particle,dropliquid_explode_prepare_line,enemy.particle,6541,,,,CLONE,dropbomb_charge_line,
timeline,dropliquid_explode,enemy.particle,6555,,,color;sx;sy,DATAS;SND;WAIT,dropliquid_explode_dot;dropliquid_explode_line;dropliquid_explode_smoke,
particle,dropliquid_explode_smoke,enemy.particle,6567,,,,CLONE,dropliquid_init_smoke,
particle,dropliquid_explode_dot,enemy.particle,6580,,,,CLONE,dropliquid_init_dot,
particle,dropliquid_explode_line,enemy.particle,6591,,,,CLONE,dropliquid_explode_prepare_line,
timeline,leechqueen_turnback_0,enemy.particle,6614,,,cx;cy,FOLLOW;QU_HANDSHAKE;SND;TE_QU_VIB;WAIT,,
timeline,leechqueen_turnback_0_line,enemy.particle,6623,,,cx;cy,FOLLOW;WAIT,roaper_atk0_charge_circle;roaper_atk0_charge_line,
timeline,leechqueen_turnback_1,enemy.particle,6632,,,,FOLLOW;SND,,
timeline,leechqueen_turnback_trigger,enemy.particle,6639,,,ax;cx;cy;enlarge_scale,AGD;ENLARGE;QU_SINV;QU_VIB;SND;WAIT,,
attack_ghost,leechqueen_turnback_swing,enemy.particle,6659,,,,,,
attack_ghost,leechqueen_turnback_swing2,enemy.particle,6677,,,,,,
timeline,leechqueen_critical_damage,enemy.particle,6698,,,,SND;WAIT,,
timeline,leechqueen_rush_0,enemy.particle,6705,,,cx;cy,FOLLOW;PVIB;QU_HANDSHAKE2;QU_VIB2;SND;WAIT,overdrive_growl_ripple,
timeline,leechqueen_rush_1,enemy.particle,6717,,,,FOLLOW;QU_VIB2;SND,,
timeline,leechqueen_rush_trigger,enemy.particle,6726,,,agR;ax;color;cx;cy,DRO;MYPOS;PVIB;QU_HANDSHAKE;QU_SINV;QU_VIB;SND;WAIT,dropliquid_init_smoke;en_colored_overdrive_eat_close_circle;en_colored_overdrive_eat_close_halo;leechqueen_rush_trigger_circle,
timeline,leechqueen_rush_hitwall,enemy.particle,6747,,,,QU_SINV;QU_VIB;SND,,
particle,leechqueen_rush_trigger_circle,enemy.particle,6755,CIRCLE,,,CLONE,leechqueen_bump_dot,
timeline,leechqueen_absorb_attack,enemy.particle,6771,,,agR;ax;color;cx;cy,DRO;SND;TE_QU_SINH,leechqueen_absorb_attack_circle,
particle,leechqueen_absorb_attack_circle,enemy.particle,6798,,,,CLONE,leechqueen_rush_trigger_circle,
timeline,leechqueen_absorb_faint,enemy.particle,6807,,,agR;ax;cx;cy,QU_HANDSHAKE;SND;WAIT,slime_overdrive_eat_close_halo,
timeline,leechqueen_absorb_faint_end,enemy.particle,6818,,,agR;ax;color;cx;cy;first,DRO;FOLLOW;QU_HANDSHAKE;QU_VIB;SND;TE_QU_SINH;WAIT,absorb_atk_in_stomack;dropliquid_init_smoke;leechqueen_rush_trigger_circle,
timeline,leechqueen_absorb_fatal,enemy.particle,6856,,,agR;ax;color;cx;cy,DRO;FOLLOW;SND;TE_QU_SINH,leechqueen_rush_trigger_circle,
timeline,leechqueen_absorb_fatal_to_pr,enemy.particle,6872,,,alpha;centerpr;color;cx;cy,EFT;IS_CENTERPR;QU_HANDSHAKE;QU_SINV;SND;TE_QU_SINH,absorb_atk_in_stomack;frog_vore_fatal_dmg_smoke;leechqueen_absorb_fatal_to_pr_smoke;leechqueen_absorb_in_stomach_drip,flash
particle,leechqueen_absorb_fatal_to_pr_smoke,enemy.particle,6907,,,,CLONE,dropliquid_init_smoke,
timeline,leechqueen_absorb_swallow,enemy.particle,6914,,,centerpr;cx;cy,DRO;IS_CENTERPR;QU_HANDSHAKE;QU_VIB;SND;WAIT,,
timeline,leechqueen_absorb_swallow2,enemy.particle,6928,,,centerpr,IS_CENTERPR;QU_HANDSHAKE;QU_VIB;SND;WAIT,,
timeline,mimic_atk_jump,enemy.particle,6948,,,_ex_min;_slen_max;by;cx,SND;WAIT,ground_bump_smoke_l;ground_bump_smoke_r,
timeline,mimic_walk_foot,enemy.particle,6957,,,,SND,,
timeline,mimic_atk_init_grawl,enemy.particle,6963,,,cx;cy;i,MYPOS;SND;WAIT,roaper_atk0_charge_circle;roaper_atk0_charge_line;slime_overdrive_eat_close_circle;slime_overdrive_eat_close_halo,
timeline,mimic_atk_fall,enemy.particle,6984,,,cx;cy,SND;WAIT,pr_backstep_halo,
timeline,mimic_atk_land,enemy.particle,6991,,,_ex_min;_slen_max;by;cx;cy,DRO;QU_SINV;SND;WAIT,ground_bump_smoke_l;ground_bump_smoke_r;od_absorbing_land_line,
timeline,mimic_land,enemy.particle,7004,,,_ex_min;_slen_max;by;cx;cy,SND,ground_bump_smoke_l;ground_bump_smoke_r,
timeline,mimic_atk_closing,enemy.particle,7016,,,,SND;WAIT,,
timeline,mimic_absorb_bite,enemy.particle,7025,,,cx;cy,DRO;SND;TE_QU_SINH,,
timeline,mimic_ironball_init_grawl,enemy.particle,7050,,,cx;cy,SND;WAIT,slime_overdrive_eat_close_circle;slime_overdrive_eat_close_halo,
timeline,mimic_ironball_init_grawl,enemy.particle,7061,,,cx;cy,SND;WAIT,slime_overdrive_eat_close_circle,
timeline,ironball_init,enemy.particle,7071,,,sx;sy,DATAS;SND;WAIT,od_flare_circle;slime_overdrive_eat_close_halo,
timeline,ironball_bounce,enemy.particle,7083,,,_ex_min;_slen_max;by;cx,DATAS;QU_SINH;QU_VIB;SND;WAIT,ground_bump_smoke_l;ground_bump_smoke_r,
timeline,ironball_break,enemy.particle,7097,,,sx;sy,DATAS;SND_SPOS,golem_shot_broken_circle,
timeline,en_absorb_init,enemy_attack_basic.particle,1,,,,,,
timeline,pr_mana_fall_absorbed_init,enemy_attack_basic.particle,6,,,cx;cy,SND;WAIT,,
timeline,pr_worm_trapped,enemy_attack_basic.particle,11,,,,SND;WAIT,,
timeline,en_walk,enemy_attack_basic.particle,22,,,index,,,
particle,enemy_dot_walk,enemy_attack_basic.particle,28,POLYGON,SUB,,,,
timeline,en_enlarge,enemy_attack_basic.particle,51,,,cx;cy;enlarge_time;scale,SND,enemy_ball_enlarge,
particle,enemy_ball_enlarge,enemy_attack_basic.particle,59,BLURPOLYGON,SUB,,,,
timeline,en_ensmall,enemy_attack_basic.particle,95,,,cx;cy;enlarge_time;scale,SND;WAIT,enemy_stroke_ensmall,
particle,enemy_stroke_ensmall,enemy_attack_basic.particle,104,STROKE,,,,,
timeline,player_absorbed_basic,enemy_attack_basic.particle,154,,,,SND,,
timeline,player_absorbed_licked,enemy_attack_basic.particle,159,,,,SND,,
timeline,player_absorbed_fatal,enemy_attack_basic.particle,164,,,,SND_ACT;WAIT,,
timeline,absorb_atk_basic,enemy_attack_basic.particle,170,,,_size;ax;cx;cy;mleft;mright;raim_agR;y,CALCPOS;SND;WAIT,,
particle,absorb_atk_basic,enemy_attack_basic.particle,180,POLYGON,,,,,
timeline,absorb_atk_kiss,enemy_attack_basic.particle,222,,,_;_count;agR;cx;cy;playsnd,DRO;SND,absorb_atk_kiss_circle,
particle,absorb_atk_kiss_circle,enemy_attack_basic.particle,242,CIRCLE,TOP,,,,
timeline,absorb_dmg_bite,enemy_attack_basic.particle,266,,,count_ratio;cx;cy;rot_agR,EF;QU_SINV;QU_VIB;SND,dmg_bite_circle_0;dmg_bite_circle_1,bite_triangle
particle,dmg_bite_circle_0,enemy_attack_basic.particle,279,CIRCLE,TOP_SUB,,,,
particle,dmg_bite_circle_1,enemy_attack_basic.particle,305,CIRCLE,TOP_SUB,,,,
timeline,absorb_atk_in_stomack,enemy_attack_basic.particle,343,,,,SND_ACT;WAIT,,
timeline,absorb_atk_in_stomack_low,enemy_attack_basic.particle,349,,,cx;cy,SND_ACT;WAIT,absorb_atk_in_stomack,
particle,absorb_atk_in_stomack,enemy_attack_basic.particle,356,HALO,TOP,,,,
timeline,enemy_nattr_fire,enemyattr.particle,1,,,cx;cy;hidden;sizex;sizey,HIDDEN;MYPOS;SIZE;WAIT,enemy_nattr_fire_dot;enemy_nattr_fire_smoke,
particle,enemy_nattr_fire_dot,enemyattr.particle,19,DOT,TOP_ADD,,,,
particle,enemy_nattr_fire_smoke,enemyattr.particle,41,SMOKE,ADD,,,,
timeline,enemy_nattr_ice,enemyattr.particle,71,,,cx;cy;sizex;sizey,MYPOS;WAIT,process_ser_frozen_smoke;process_ser_frozen_smoke_sub,
particle,process_ser_frozen_smoke_sub,enemyattr.particle,83,,SUB,,CLONE,process_ser_frozen_smoke,
timeline,enemy_nattr_thunder,enemyattr.particle,91,,,cx;cy;hidden;sizex;sizey,HIDDEN;MYPOS;SIZE;WAIT,enemy_nattr_thunder_blurcircle;enemy_nattr_thunder_elec,
particle,enemy_nattr_thunder_elec,enemyattr.particle,105,,,,CLONE,pr_hit_thunder_elec,
particle,enemy_nattr_thunder_blurcircle,enemyattr.particle,123,BLURCIRCLE,ADD,,,,
timeline,enemy_nattr_acme,enemyattr.particle,153,,,cx;cy;hidden;sizex;sizey,HIDDEN;MYPOS;SIZE;WAIT,enemy_nattr_acme_smoke,
particle,enemy_nattr_acme_smoke,enemyattr.particle,167,,TOP,,CLONE,process_ser_frozen_smoke,
timeline,enemy_nattr_slimy,enemyattr.particle,186,,,_stopped;absorbing;hidden;vx;vy,ABSORBING;HIDDEN;SPIDERWEB_RANDOM;VELOCITY;WAIT,,
timeline,enemy_nattr_splash_fire,enemyattr.particle,215,,,cx;cy;radius,SND,enemy_nattr_splash_fire_circle;enemy_nattr_splash_fire_smoke;magic_chantcomp_target_halo_en;shockwave_en_80,
particle,enemy_nattr_splash_fire_circle,enemyattr.particle,225,CIRCLE,TOP,,,,
particle,enemy_nattr_splash_fire_smoke,enemyattr.particle,239,SMOKE,ADD,,,,
timeline,enemy_nattr_splash_ice,enemyattr.particle,264,,,_agR;cx;cy,MERGE,enemy_nattr_splash_ice_circle;enemy_nattr_splash_ice_halo;stain_basic_ice,
particle,enemy_nattr_splash_ice_halo,enemyattr.particle,271,HALO,TOP_ADD,,,,
particle,enemy_nattr_splash_ice_circle,enemyattr.particle,295,CIRCLE,ADD,,,,
timeline,enemy_nattr_splash_thunder,enemyattr.particle,323,,,agR;cx;cy;h;radius,SND,enemy_nattr_splash_thunder_circle;enemy_nattr_splash_thunder_elec;enemy_nattr_splash_thunder_elec_h;enemy_nattr_splash_thunder_elec_h_sub,
particle,enemy_nattr_splash_thunder_circle,enemyattr.particle,333,,,,CLONE,enemy_nattr_splash_fire_circle,
particle,enemy_nattr_splash_thunder_elec,enemyattr.particle,342,ELEC_LINE,TOP_ADD,,,,
particle,enemy_nattr_splash_thunder_elec_h,enemyattr.particle,369,,,,CLONE,enemy_nattr_splash_thunder_elec,
particle,enemy_nattr_splash_thunder_elec_h_sub,enemyattr.particle,383,,SUB,,CLONE,enemy_nattr_splash_thunder_elec_h,
timeline,enemy_attr_splash_acme,enemyattr.particle,394,,,cx;cy,SND,mush_shot_bomb_gas;mush_shot_shooted_circle,
timeline,enemy_nattr_invisible,enemyattr.particle,402,,,cx;cy;hidden;mp_stable;sizex;sizey,DRO;HIDDEN;MYPOS;SIZE;WAIT,,
timeline,enemyod_init,enemyod.particle,4,,,cx;cy,SND;WAIT,enemyod_init_circle;enemyod_init_halo_h;enemyod_init_halo_v,
particle,enemyod_init_halo_v,enemyod.particle,15,HALO,TOP_SUB,,,,
particle,enemyod_init_halo_h,enemyod.particle,37,,,,CLONE,enemyod_init_halo_v,
particle,enemyod_init_circle,enemyod.particle,46,BLURPOLYGON,TOP_SUB,,,,
timeline,enemyod_init_charge,enemyod.particle,81,,,cx;cy,SND;WAIT,enemyod_charge_line_t,
particle,enemyod_charge_line_t,enemyod.particle,89,,,,CLONE,enemy_warp_out_line,
timeline,enemyod_init_charge2,enemyod.particle,104,,,cx;cy,WAIT,enemyod_charge2_bright;enemyod_charge2_bright2,
particle,enemyod_charge2_bright,enemyod.particle,111,BRIGHT,SUB,,,,
particle,enemyod_charge2_bright2,enemyod.particle,135,,,,CLONE,enemyod_charge2_bright,
timeline,enemyod_init_charge_lines,enemyod.particle,143,,,cx;cy,,enemyod_init_charge_line,
particle,enemyod_init_charge_line,enemyod.particle,148,DOORLINE,SUB,,,,
timeline,enemyod_appear,enemyod.particle,175,,,cx;cy,SND,enemyod_appear_circle;enemyod_appear_halo;shockwave_en_230,
particle,enemyod_appear_circle,enemyod.particle,183,CIRCLE,,,,,
particle,enemyod_appear_halo,enemyod.particle,206,HALO,SUB,,,,
particle,od_charge_special_halo,enemyod.particle,231,HALO,TOP_ADD,,,,
particle,od_charge_special_triangle,enemyod.particle,261,POLYGON,TOP_ADD,,,,
particle,shockwave_en_230,enemyod.particle,287,BLURCIRCLE,,,,,
timeline,overdrive_growl,enemyod.particle,315,,,cx;cy,SND,overdrive_growl_ripple,
particle,overdrive_growl_ripple,enemyod.particle,323,SHOCKRIPPLE_C,SUB,,,,
timeline,boss_killed_explode,enemyod.particle,358,,,agR;cx;cy;i;meshy,EFT;QU_VIB;SND,boss_killed_explode_circle;boss_killed_explode_ripple,flash
particle,boss_killed_explode_ripple,enemyod.particle,376,SHOCKRIPPLE_C,TOP,,,,
particle,boss_killed_explode_circle,enemyod.particle,402,BLURPOLYGON,,,CLONE,boss_killed_explode_ripple,
particle,boss_killed_explode_ripple_s,enemyod.particle,420,,,,CLONE,boss_killed_explode_ripple,
particle,boss_killed_explode_circle_s,enemyod.particle,428,,,,CLONE,boss_killed_explode_circle,
timeline,boss_explode,enemyod.particle,437,,,agR;cx;cy;i;meshy,EFT;QU_VIB;SND,boss_explode_circle;boss_explode_ripple,flash
particle,boss_explode_ripple,enemyod.particle,459,,,,CLONE,boss_killed_explode_ripple,
particle,boss_explode_circle,enemyod.particle,464,,,,CLONE,boss_killed_explode_circle,
particle,boss_dying_bigbomb,enemyod.particle,470,BIGBOMB,TOP_ADD,,,,
timeline,slime_overdrive_eat_open,enemyod.particle,491,,,ax;cx;cy;dx;sizex,SND,slime_overdrive_eat_open_circle,
timeline,slime_overdrive_eat_attack,enemyod.particle,499,,,,SND,,
timeline,slime_overdrive_eat_close,enemyod.particle,505,,,ax;cx;cy;dx;sizex,,slime_overdrive_eat_close_circle;slime_overdrive_eat_close_halo,
particle,slime_overdrive_eat_close_halo,enemyod.particle,513,,,,CLONE,enemyod_appear_halo,
particle,slime_overdrive_eat_close_circle,enemyod.particle,536,,,,CLONE,enemyod_appear_circle,
particle,en_colored_overdrive_eat_close_halo,enemyod.particle,551,,TOP,,CLONE,slime_overdrive_eat_close_halo,
particle,en_colored_overdrive_eat_close_circle,enemyod.particle,557,,TOP,,CLONE,slime_overdrive_eat_close_circle,
particle,slime_overdrive_eat_open_circle,enemyod.particle,564,,,,CLONE,slime_overdrive_eat_close_circle,
timeline,overdrive_walk,enemyod.particle,576,,,cx;cy;sizex;sizey,,overdrive_walk_darken,
particle,overdrive_walk_darken,enemyod.particle,581,PARTICLE_SPLASH,TOP_SUB,,,,
particle,overdrive_eye_daia,enemyod.particle,627,DAIA,TOP_ADD,,,,
timeline,enemy_backstep,enemyod.particle,653,,,ax;cx;cy;ydf,SND,enemy_backstep_halo;ground_bump_smoke_l;ground_bump_smoke_r,
particle,enemy_backstep_halo,enemyod.particle,665,HALO,TOP_SUB,,,,
particle,enemy_backstep_halo_long,enemyod.particle,705,,,,CLONE,enemy_backstep_halo,
timeline,od_bigjump,enemyod.particle,713,,,cx;cy,QU_HANDSHAKE;QU_SINV;SND,enemy_od_bigjump_circle,
particle,enemy_od_bigjump_circle,enemyod.particle,721,POLYGON,SUB,,,,
timeline,enemy_bigfall,enemyod.particle,762,,,cx;cy;xdf,SND,enemy_backstep_halo,
timeline,od_explode,enemyod.particle,769,,,by;cx,PVIB;QU_SINV;QU_VIB;SND,od_explode_circle;od_explode_halo;od_explode_sabi,
particle,od_explode_circle,enemyod.particle,781,ARC,TOP_ADD,,,,
particle,od_explode_sabi,enemyod.particle,795,SABI,ADD,,,,
particle,od_explode_halo,enemyod.particle,825,HALO,TOP_ADD,,,,
particle,od_explode_halo_b,enemyod.particle,853,,SUB,,CLONE,od_explode_halo,
timeline,mush_od_absorb_init,enemyod.particle,862,,,centerpr,EFT;QU_SINV;SND,,flash
timeline,od_absorbing_land,enemyod.particle,875,,,by;cx;snd;xdf,QU_SINV;SND,od_absorbing_land_line,
particle,od_absorbing_land_line,enemyod.particle,886,DOORLINE,TOP_ADD,,,,
timeline,golemL_shockwave_swing,enemyod.particle,913,,,ax;cx;cy;scl,AGD,,
attack_ghost,slicer_swing_3_0_9,enemyod.particle,921,,,,,,
timeline,ground_shockwave_init,enemyod.particle,940,,,cx;cy,QU_SINH;QU_SINV;QU_VIB;SND,slime_overdrive_eat_close_circle;slime_overdrive_eat_close_halo,
timeline,ground_pound_attacked,enemyod.particle,952,,,cx;cy,QU_SINH;QU_VIB,ground_pound_attacked_halo,
particle,ground_pound_attacked_halo,enemyod.particle,959,,,,CLONE,absorb_atk_in_stomack,
timeline,golemL_swing_attack_2,enemyod.particle,975,,,ax;cx;cy;scl,AGD;PVIB;SND,,
timeline,golemL_swing_attack_3,enemyod.particle,984,,,ax;cx;cy;scl,AGD;PVIB;SND,,
attack_ghost,golemL_swing_attack_2,enemyod.particle,993,,,,,,
attack_ghost,golemL_swing_attack_3,enemyod.particle,1010,,,,CLONE,golemL_swing_attack_2,
timeline,uni_od_ground_dig,enemyod.particle,1025,,,agR;x;y,,uni_od_ground_dig_smoke,
particle,uni_od_ground_dig_smoke,enemyod.particle,1030,SMOKE,,,,,
timeline,uni_od_splash_needle_first,enemyod.particle,1068,,,_t,SND_CPOS;WAIT,,
timeline,uni_od_splash_needle_start_first,enemyod.particle,1076,,,cx;cy,PVIB;SND_CPOS;WAIT,uni_od_splash_needle_start_srkn0;uni_od_splash_needle_start_srkn1,
timeline,uni_od_splash_needle_start,enemyod.particle,1086,,,cx;cy,WAIT,uni_od_splash_needle_start_srkn0;uni_od_splash_needle_start_srkn1,
particle,uni_od_splash_needle_start_srkn0,enemyod.particle,1094,SURIKEN,TOP_ADD,,,,
particle,uni_od_splash_needle_start_srkn1,enemyod.particle,1106,LINE,TOP_ADD,,,,
timeline,uni_od_splash_needle_appear,enemyod.particle,1123,,,agR;cx;cy,AGD,uni_od_needle_out_circle,
timeline,uni_od_splash_needle_appear_first,enemyod.particle,1128,,,,CLONE;SND,uni_od_splash_needle_appear,
particle,uni_od_needle_out_circle,enemyod.particle,1136,,,,CLONE,sponge_shot_splash_circle,
attack_ghost,uni_od_needle_out_agd,enemyod.particle,1147,,,,,,
timeline,uni_od_splash_needle_disappear,enemyod.particle,1164,,,agR;cx;cy;len,,uni_od_splash_needle_disappear_circle,
particle,uni_od_splash_needle_disappear_circle,enemyod.particle,1170,CIRCLE,,,,,
timeline,od_mush_charge_mist,enemyod.particle,1203,,,cx;cy,MYPOS;SND_CPOS;WAIT,fox_chaserball_appear_chrage;od_charge_special_halo;od_charge_special_triangle,
timeline,od_flare_circle,enemyod.particle,1215,,,_count;_intv;_max_size;_min_size;_size_add;after_count;charge_t;cx;cy;i,FOLLOW;WAIT,,
particle,od_flare_circle,enemyod.particle,1242,BLURCIRCLE,TOP_ADD,,,,
timeline,od_mush_charge_mist_end,enemyod.particle,1267,,,cx;cy,QU_VIB;SND_CPOS,od_mush_charge_mist_end_doorline;od_mush_charge_mist_end_ripple_d;od_mush_charge_mist_end_ripple_s,
particle,od_mush_charge_mist_end_doorline,enemyod.particle,1276,DOORLINE,TOP_ADD,,,,
particle,od_mush_charge_mist_end_ripple_s,enemyod.particle,1296,SHOCKRIPPLE_D,SUB,,,,
particle,od_mush_charge_mist_end_ripple_d,enemyod.particle,1320,,TOP_ADD,,CLONE,od_mush_charge_mist_end_ripple_s,
particle,od_mush_charge_mist_end_halo,enemyod.particle,1327,,,,CLONE,magic_chantcomp_target_halo_pr,
timeline,od_mush_charge_power,enemyod.particle,1342,,,cx;cy,MYPOS;WAIT,od_mush_charge_power_smoke,
particle,od_mush_charge_power_smoke,enemyod.particle,1351,SMOKE_L,ADD,,,,
timeline,mist_breathe_init,enemyod.particle,1371,,,cx;cy,SND;WAIT,mist_breathe_init_ripple_s,
particle,mist_breathe_init_ripple_s,enemyod.particle,1377,,,,CLONE,od_mush_charge_mist_end_ripple_s,
timeline,mist_breathe_jump,enemyod.particle,1382,,,cx;cy,SND;WAIT,mist_breathe_init_ripple_s,
timeline,overdrive_mush_jump_gas_burst,enemyod.particle,1389,,,by;cx;cy,SND,ground_bump_smoke_l;ground_bump_smoke_r,
timeline,enemy_get_experience,enemyod.particle,1397,,,cx;cy,SND;WAIT,enemy_get_experience_line;enemy_get_experience_ripple,
timeline,enemy_get_experience_atk_loop,enemyod.particle,1405,,,_agR;_len;cx;cy;sizex;sizey,MYPOS;SIZE;WAIT,enemy_get_experience_arrow,
timeline,enemy_get_experience_def_loop,enemyod.particle,1415,,,_agR;_len;cx;cy;sizex;sizey,MYPOS;SIZE;WAIT,enemy_get_experience_def_arrow,
particle,enemy_get_experience_ripple,enemyod.particle,1426,FRAMERIPPLE,,,,,
particle,enemy_get_experience_line,enemyod.particle,1449,LINE,TOP_ADD,,,,
particle,enemy_get_experience_arrow,enemyod.particle,1470,POLYGON,ADD,,,,
particle,enemy_get_experience_def_arrow,enemyod.particle,1501,,,,CLONE,enemy_get_experience_arrow,
timeline,nusi_inject_ixiacharge,enemyod.particle,1512,,,cx;cy,EFT;PVIB;QU_HANDSHAKE;SND;WAIT,nusi_inject_ixiacharge_ripple;nusi_inject_ixiacharge_ripple_s,flash
particle,nusi_inject_ixiacharge_ripple,enemyod.particle,1525,,TOP_ADD,,CLONE,enemy_get_experience_ripple,
particle,nusi_inject_ixiacharge_ripple_s,enemyod.particle,1539,,SUB,,CLONE,nusi_inject_ixiacharge_ripple,
timeline,nusi_cure_success,enemyod.particle,1548,,,cx;cy,QU_SINV;QU_VIB;SND,nusi_cure_success_circle;nusi_cure_success_circle_2,
particle,nusi_cure_success_circle,enemyod.particle,1556,CIRCLE,TOP,,,,
particle,nusi_cure_success_circle_2,enemyod.particle,1574,,,,CLONE,nusi_cure_success_circle,
timeline,nusi_leaf_laugh,enemyod.particle,1594,,,cx;cy,SND,nusi_laugh_leaf,
timeline,nusi_big_open,enemyod.particle,1601,,,cx;cy,SND,nusi_big_open_leaf,
particle,nusi_big_open_leaf,enemyod.particle,1606,,,,CLONE,foot_leaf,
particle,nusi_laugh_leaf,enemyod.particle,1622,,,,CLONE,foot_leaf,
timeline,nusi_fainttentacle_appear,enemyod.particle,1637,,,,PVIB;SND,,
timeline,nusi_fainttentacle_drill_prepare,enemyod.particle,1644,,,agR;cx;cy;x;y,DRILL_ANGLE;SND,nusi_fainttentacle_drill_dot;nusi_fainttentacle_drill_line,
particle,nusi_fainttentacle_drill_line,enemyod.particle,1655,LINE,TOP,,,,
particle,nusi_fainttentacle_drill_dot,enemyod.particle,1679,DOT,,,CLONE,nusi_fainttentacle_drill_line,
timeline,nusivo_fainttentacle_grawl,enemyod.particle,1695,,,,PVIB;QU_HANDSHAKE;QU_VIB;SND,,
timeline,nusi_fainttentacle_hit,enemyod.particle,1705,,,,SND,,
timeline,nusi_fainttentacle_absorb_init,enemyod.particle,1709,,,,QU_HANDSHAKE;QU_VIB,,
timeline,nusi_fainttentacle_absorb,enemyod.particle,1716,,,cx;cy,QU_HANDSHAKE;SND;SND_ACT;WAIT,absorb_atk_in_stomack,
timeline,nusi_damage_in_stun,enemyod.particle,1733,,,,SND,,
timeline,nusi_cage_open,enemyod.particle,1739,,,cx;cy,SND,nusi_laugh_leaf,
timeline,nusi_die,enemyod.particle,1747,,,,QU_HANDSHAKE;SND,,
timeline,nusi_die_tentacle_explode,enemyod.particle,1755,,,cx;cy,,boss_dying_bigbomb,
timeline,nusi_die_explode,enemyod.particle,1761,,,ax;cx;cy;i;intv;x0;x1;y0;y1,MYPOS;QU_VIB;SND,boss_dying_bigbomb;boss_dying_shockwave,
particle,boss_dying_shockwave,enemyod.particle,1828,,TOP_ADD,,CLONE,shockwave_en_230,
timeline,nusi_shot_targetting,enemyod.particle,1846,,,_i;sx;sy,SHOT_DEP;WAIT,nusi_shot_targetting_circle;nusi_shot_targetting_circle_a,
particle,nusi_shot_targetting_circle,enemyod.particle,1858,ENEMYTARGETTING,TOP_SUB,,,,
particle,nusi_shot_targetting_circle_a,enemyod.particle,1874,,TOP_ADD,,CLONE,nusi_shot_targetting_circle,
timeline,nusi_shot_prep_0,enemyod.particle,1888,,,maxt,SND_ACT;WAIT,,
timeline,nusi_shot_charge,enemyod.particle,1895,,,_i;agR,HOLD;SHOT_ANGLE;WAIT,nusi_shot_charge_halo,
particle,nusi_shot_charge_halo,enemyod.particle,1908,HALO,,,,,
timeline,nusi_shot_prep_1,enemyod.particle,1928,,,,SND;WAIT,,
timeline,nusi_shot_trigger,enemyod.particle,1934,,,granade;sa;sx;sy,DATAS;SND2;WAIT,missile_shot_smoke;nusi_shot_trigger_circle;nusi_shot_trigger_halo;nusi_shotgranade_trigger_circle,
particle,nusi_shot_trigger_circle,enemyod.particle,1956,,TOP_ADD,,CLONE,golemtoy_rm_orbit_circle_1,
particle,nusi_shotgranade_trigger_circle,enemyod.particle,1969,,,,CLONE,nusi_shot_trigger_circle,
particle,nusi_shot_trigger_halo,enemyod.particle,1976,,TOP_SUB,,CLONE,slime_overdrive_eat_close_halo,
timeline,nusi_shot_explode,enemyod.particle,1991,,,granade;sx;sy,DATAS;MERGE;QU_SINV2;QU_VIB2;SND,machine_die_smoke_black;machine_die_smoke_red_nm;nusi_shotgranade_explode_halo;nusi_shotgranade_explode_halo_s;stain_basic_fire,
particle,nusi_shotgranade_explode_halo,enemyod.particle,2010,HALO,TOP_ADD,,,,
particle,nusi_shotgranade_explode_halo_s,enemyod.particle,2032,,TOP_SUB,,CLONE,nusi_shotgranade_explode_halo,
particle,nusi_shot_explode_halo,enemyod.particle,2041,,,,CLONE,nusi_shotgranade_explode_halo,
particle,nusi_shot_explode_halo_s,enemyod.particle,2046,,,,CLONE,nusi_shotgranade_explode_halo_s,
particle,nusi_shot_explode_smoke,enemyod.particle,2052,,,,CLONE,machine_die_smoke_black,
timeline,nusi_charge_prep_beep,enemyod.particle,2069,,,cx;cy,SND,nusi_charge_prep_elec,
particle,nusi_charge_prep_elec,enemyod.particle,2074,,TOP_ADD,,CLONE,mech_stunned_elec,
timeline,nusi_charge_hit_0,enemyod.particle,2091,,,,SND,,
timeline,nusi_charge_hit_1,enemyod.particle,2096,,,cx;cy;radius,PVIB;QU_HANDSHAKE;QU_SINV;QU_VIB;SND,nusi_charge_explode_halo;nusi_charge_hit_dot;nusi_charge_hit_mist,
particle,nusi_charge_explode_halo,enemyod.particle,2110,,TOP,,CLONE,nusi_shot_explode_halo,
particle,nusi_charge_hit_mist,enemyod.particle,2123,SMOKE_L,TOP,,,,
particle,nusi_charge_hit_dot,enemyod.particle,2146,BLURCIRCLE,TOP_ADD,,,,
timeline,nusi_spore_prep_0,enemyod.particle,2171,,,,SND_ACT;WAIT,,
timeline,nusi_spore_prep_1,enemyod.particle,2176,,,_cnt;maxt;scx;scy,PVIB;QU_HANDSHAKE2;QU_SINV2;SND2;SND_ACT;WAIT,nusi_spore_prep_dust,
particle,nusi_spore_prep_dust,enemyod.particle,2195,BLURCIRCLE,TOP,,,,
timeline,nusi_spore_fall,enemyod.particle,2222,,,phase;sx;sy,DATAS;PHASE;WAIT,nusi_spore_fall_dust,
particle,nusi_spore_fall_dust,enemyod.particle,2232,,,,CLONE,nusi_spore_prep_dust,
timeline,nusi_spore_spike,enemyod.particle,2244,,,sx;sy,DATAS;SND;WAIT,nusi_spore_spike_halo;nusi_spore_spike_halo_a,
particle,nusi_spore_spike_halo,enemyod.particle,2253,,TOP,,CLONE,slime_overdrive_eat_close_halo,
particle,nusi_spore_spike_halo_a,enemyod.particle,2273,,TOP_ADD,,CLONE,nusi_spore_spike_halo,
timeline,nusi_spore_killed,enemyod.particle,2281,,,sx;sy,DATAS;SND,nusi_erase_spore_circle,
particle,nusi_erase_spore_circle,enemyod.particle,2288,,,,CLONE,golem_shot_broken_circle,
timeline,nusi_reflected_spore,enemyod.particle,2298,,,sx;sy,DATAS;SND,nusi_shot_explode_halo,
timeline,nusit_dangerous_star,enemyod.particle,2310,,,_cnt;_x;_y;cx;cy;maxt;radius,,nusit_dangerous_mist;nusit_dangerous_star_s,
timeline,enemy_dangerous_star_wh,enemyod.particle,2327,,,_cnt;_x;_y;cx;cy;h;maxt;sx;sy;w,MYPOS,nusit_dangerous_mist;nusit_dangerous_star;nusit_dangerous_star_s,
particle,nusit_dangerous_mist,enemyod.particle,2354,SMOKE_L,,,,,
particle,nusit_dangerous_star,enemyod.particle,2377,HALO,TOP_ADD,,,,
particle,nusit_dangerous_star_s,enemyod.particle,2402,,TOP_SUB,,CLONE,nusit_dangerous_star,
timeline,nusit_underpunch,enemyod.particle,2413,,,ax;cx;cy;lgt;middle,AGD;PVIB;QU_SINV2;QU_VIB2;SND2,nusit_underpunch_smoke_l;nusit_underpunch_smoke_r,
attack_ghost,nusit_underpunch,enemyod.particle,2434,,,,,,
attack_ghost,nusit_middlepunch,enemyod.particle,2451,,,,CLONE,nusit_underpunch,
particle,nusit_underpunch_smoke_r,enemyod.particle,2459,SMOKE_L,TOP,,,,
particle,nusit_underpunch_smoke_l,enemyod.particle,2488,,,,CLONE,nusit_underpunch_smoke_r,
timeline,nusit_strg_hit,enemyod.particle,2494,,,ax;by;cx;cy;lgt,DRO_GROUNDBREAK;QU_SINV2;QU_VIB2;SND;WAIT,nusit_strg_hit_red;nusit_strg_hit_red_s;nusit_strg_hit_smoke,
particle,nusit_strg_hit_smoke,enemyod.particle,2512,,,,CLONE,nusit_underpunch_smoke_r,
particle,nusit_strg_hit_red,enemyod.particle,2525,NOEL_BREAK_CLOTH,TOP_ADD,,,,
particle,nusit_strg_hit_red_s,enemyod.particle,2553,,SUB,,CLONE,nusit_strg_hit_red,
timeline,nusit_grab_prep_1,enemyod.particle,2562,,,ax;ay;cx;cy,DRO_GROUNDBREAK;QU_SINV2;QU_VIB2;SND2,nusit_grab_prep_1_smoke,
particle,nusit_grab_prep_1_smoke,enemyod.particle,2573,,TOP,,CLONE,nusit_strg_hit_smoke,
timeline,nusit_grab_prep_2,enemyod.particle,2591,,,ay;cx;cy;dro,DRO_GROUNDBREAK;PVIB;SND2,,
timeline,nusit_grab_trigger,enemyod.particle,2600,,,ay;cx;cy;dro,AGD;DRO_GROUNDBREAK;PVIB;QU_SINV;QU_VIB;SND2;WAIT,nusit_grab_prep_1_smoke,
timeline,nusit_grab_end,enemyod.particle,2622,,,ay;cx;cy;dro,DRO_GROUNDBREAK;SND,,
attack_ghost,nusit_grab_t,enemyod.particle,2632,,,,,,
attack_ghost,nusit_grab_b,enemyod.particle,2650,,,,CLONE,nusit_grab_t,
timeline,nusi_bigran_growl,enemyod.particle,2661,,,cx;cy,PVIB;QU_HANDSHAKE2;QU_VIB2;SND_ACT2;WAIT,overdrive_growl_ripple,
timeline,nusi_bigrun_bump,enemyod.particle,2675,,,ay;cx;cy;dro,DRO_GROUNDBREAK;PVIB2;QU_SINV;QU_VIB;SND2,nusit_grab_prep_1_smoke,
timeline,mgolem_od_mispod_init,enemyod.particle,2693,,,,SND_CPOS;WAIT,,
timeline,mgolem_od_open_mispod,enemyod.particle,2698,,,_aR;_px1;_px2;_py;_ydf;ax;cx;cy;sizex;sizey,QU_HANDSHAKE;QU_VIB;SIZE;SND_CPOS;WAIT,mgolem_od_open_mispod_circle;mgolem_od_open_mispod_circle_2,
particle,mgolem_od_open_mispod_circle,enemyod.particle,2717,BLURCIRCLE,TOP,,,,
particle,mgolem_od_open_mispod_circle_2,enemyod.particle,2746,,,,CLONE,mgolem_od_open_mispod_circle,
timeline,mgolem_od_mispod_close,enemyod.particle,2751,,,,SND_CPOS;WAIT,,
timeline,mgolem_od_mispod_shotone,enemyod.particle,2756,,,sa;sx;sy,DATAS,,
particle,mgolem_od_mispod_shotone,enemyod.particle,2761,,,,CLONE,mgolem_gunshot_shoot_circle,
particle,mgolem_od_rotate_eye,enemyod.particle,2773,,,,CLONE,magic_device_closing_halo_b_v,
timeline,mgolem_rotate_failure,enemyod.particle,2787,,,cx;cy;sizey,QU_SINH;SIZE;SND_CPOS;WAIT,ground_bump_smoke_l;ground_bump_smoke_r,
timeline,mgolem_rotate_ground_land_bump,enemyod.particle,2800,,,cx;sa;sy,QU_SINV,mgolem_gunshot_shoot_halo_s;mgolem_rotate_ground__dot;mgolem_rotate_ground_bump_halo,
timeline,mgolem_rotate_ground_land_wall,enemyod.particle,2809,,,ax;cy;sa;sx,QU_HANDSHAKE2;QU_SINH2;QU_VIB2;SND,mgolem_gunshot_shoot_halo_s;mgolem_rotate_ground__dot;mgolem_rotate_ground_bump_halo,
particle,mgolem_rotate_ground_bump_halo,enemyod.particle,2821,,,,CLONE,mgolem_gunshot_shoot_halo,
particle,mgolem_rotate_ground__dot,enemyod.particle,2830,CIRCLE,TOP_ADD,,,,
timeline,mgolem_rotate_ground_spark,enemyod.particle,2853,,,a;ax;cx;cy;sizey,MYPOS;QU_HANDSHAKE;QU_VIB;SIZE;WAIT,mgolem_rotate_ground_spark_dot;mgolem_rotate_ground_spark_line,
particle,mgolem_rotate_ground_spark_line,enemyod.particle,2870,LINE,TOP_ADD,,,,
particle,mgolem_rotate_ground_spark_dot,enemyod.particle,2895,CIRCLE,TOP_ADD,,,,
timeline,mg_ceildrop_prepare,enemyod.particle,2919,,,dro;sx;sy,DRO_GROUNDBREAK,,
timeline,mgolem_od_grab0,enemyod.particle,2930,,,,QU_VIB;SND_CPOS;WAIT,,
timeline,mgolem_od_grab1,enemyod.particle,2938,,,cx;cy,SND,,
timeline,mgolem_od_grab2,enemyod.particle,2945,,,aR;ax;cx;cy;dx;dy;sizex;sizey,EFT;QU_HANDSHAKE;QU_SINV2;QU_VIB2;SIZE;SND,mgolem_od_grab2_circle;mgolem_od_grab2_halo,postHamonMagic
particle,mgolem_od_grab2_halo,enemyod.particle,2966,,,,CLONE,slime_overdrive_eat_close_halo,
particle,mgolem_od_grab2_circle,enemyod.particle,2972,,,,CLONE,slime_overdrive_eat_close_circle,
timeline,mgolem_od_grab_end,enemyod.particle,2982,,,,SND_CPOS;WAIT,,
timeline,mgolem_absorb_squeeze,enemyod.particle,2989,,,cx;cy,QU_SINH;QU_VIB,mgolem_absorb_squeeze_halo,
particle,mgolem_absorb_squeeze_halo,enemyod.particle,2998,,,,CLONE,ground_pound_attacked_halo,
timeline,mgolem_od_shield0,enemyod.particle,3011,,,ax;cx;cy;dR,MYPOS;SND_CPOS,mgolem_od_shield0_daia;mgolem_od_shield0_daia_s,
particle,mgolem_od_shield0_daia_s,enemyod.particle,3022,BLURPOLYGON,SUB,,,,
particle,mgolem_od_shield0_daia,enemyod.particle,3045,POLYGON,TOP_ADD,,,,
timeline,od_eaten_freeze,enemyod.particle,3073,,,cx;cy;sizex;sizey,TE_COLORBLINK_ADD;TE_QU_VIB;WAIT,dark_stunned_elec,
timeline,bsspider_grawl,enemyod.particle,3091,,,cx;cy,QU_HANDSHAKE2;QU_VIB2;SND_CPOS;WAIT,overdrive_growl_ripple,
timeline,bsspider_trap_appear,enemyod.particle,3104,,,cx;cy,WAIT,bsspider_trap_appear_bezier;bsspider_trap_appear_circle;bsspider_trap_appear_circle_red,
particle,bsspider_trap_appear_bezier,enemyod.particle,3116,STROKE,ADD,,,,
particle,bsspider_trap_appear_circle,enemyod.particle,3141,BLURCIRCLE,ADD,,,,
particle,bsspider_trap_appear_circle_red,enemyod.particle,3159,,,,CLONE,bsspider_trap_appear_circle,
timeline,bsspider_trap_appeared,enemyod.particle,3169,,,cx;cy,,bsspider_trap_appeared_circle;bsspider_trap_appeared_circle_red;bsspider_trap_appeared_line,
timeline,bsspider_trap_explode,enemyod.particle,3176,,,cx;cy,SND,bsspider_trap_appeared_circle;bsspider_trap_appeared_line;od_flare_circle,
timeline,bsspider_splash_explode,enemyod.particle,3186,,,cx;cy,SND,bsspider_trap_appeared_circle;bsspider_trap_appeared_line,
particle,bsspider_trap_appeared_circle,enemyod.particle,3195,,,,CLONE,bsspider_trap_appear_circle,
particle,bsspider_trap_appeared_circle_red,enemyod.particle,3208,,,,CLONE,bsspider_trap_appeared_circle,
particle,bsspider_trap_appeared_line,enemyod.particle,3215,DOORLINE,,,,,
timeline,bsspider_trap_charge,enemyod.particle,3243,,,cx;cy;maxt,,roaper_atk0_charge_circle;roaper_atk0_charge_line,
timeline,bsspider_afterimage,enemyod.particle,3251,,,agR;cx;cy,EFT;QU_VIB;SND,bsspider_afterimage_line0;bsspider_afterimage_line1;bsspider_afterimage_line2,post_bigenemy_passing
particle,bsspider_afterimage_line0,enemyod.particle,3264,DOORLINE,TOP_ADD,,,,
particle,bsspider_afterimage_line1,enemyod.particle,3292,,ADD,,CLONE,bsspider_afterimage_line0,
particle,bsspider_afterimage_line2,enemyod.particle,3306,,SUB,,CLONE,bsspider_afterimage_line0,
timeline,bsspider_trap_hms_charge,enemyod.particle,3322,,,delay,EFT;QU_HANDSHAKE;QU_VIB;WAIT,,flash
timeline,bsspider_trapshot_init,enemyod.particle,3344,,,cx;cy,,od_flare_circle,
timeline,bsspider_bigbeam_shoot,enemyod.particle,3351,,,agR;attr;da;dx;dy;sx;sy,DEF_LASER_ENDPOS;QU_VIB;SND_SPOS;WAIT,bsspider_bigbeam_shoot_d;bsspider_bigbeam_shoot_s;od_flare_circle,
timeline,bsspider_minibeam_tale,enemyod.particle,3375,,,cx;cy,,bsspider_bigbeam_shoot_s,
particle,bsspider_bigbeam_shoot_s,enemyod.particle,3382,OVAL,TOP,,,,
particle,bsspider_bigbeam_shoot_d,enemyod.particle,3408,,,,CLONE,bsspider_bigbeam_shoot_s,
timeline,bsspider_bigbeam_release,enemyod.particle,3417,,,,SND,,
timeline,bsspider_bigbeam_charge,enemyod.particle,3423,,,charget;cx;cy,QU_VIB,bsspider_bigbeam_charge_line;od_flare_circle,
particle,bsspider_bigbeam_charge_line,enemyod.particle,3436,,,,CLONE,bsspider_trap_appear_bezier,
timeline,bsspider_trap_diasppear,enemyod.particle,3455,,,,SND,reel_disappear_smoke,
timeline,bsspider_dive_init,enemyod.particle,3462,,,cx;cy;i,EFT;MYPOS;SND;WAIT,enemy_backstep_halo,comet_afterimage_l
timeline,bsspider_dive_land,enemyod.particle,3477,,,_ex_min;_slen_max;by;cx;xdf,QU_HANDSHAKE;QU_SINV;SND,nusit_underpunch_smoke_l;nusit_underpunch_smoke_r;od_absorbing_land_line,
timeline,bsspider_side_attack,enemyod.particle,3496,,,ax;cnt;cx;cy;scl,AGD;SND,,
attack_ghost,bsspider_side_attack,enemyod.particle,3513,,,,,,
attack_ghost,bsspider_side_attack_2,enemyod.particle,3531,,,,,,
timeline,bsspider_backstep_init,enemyod.particle,3549,,,_ex_min;_slen_max;by;cx,SND,nusit_underpunch_smoke_l;nusit_underpunch_smoke_r,
timeline,bsspider_dive_agd,enemyod.particle,3561,,,by;cx,AGD,,
attack_ghost,bsspider_dive_agd,enemyod.particle,3571,,,,,,
timeline,bsspider_dangerous_star,enemyod.particle,3591,,,_cnt;_x;_y;cx;cy;maxt;radiusx;radiusy,,nusit_dangerous_mist;nusit_dangerous_star;nusit_dangerous_star_s,
timeline,bsspider_absorb_bite,enemyod.particle,3614,,,cx;cy,DRO;SND;TE_QU_SINH,,
timeline,bsspider_absorb_web,enemyod.particle,3636,,,cx;cy,DRO;SND;TE_QU_SINH,bsspider_absorb_web_bezier;bsspider_trap_appeared_circle;bsspider_trap_appeared_line,
timeline,bsspider_absorb_web_bezier,enemyod.particle,3659,,,cx;cy,,,
particle,bsspider_absorb_web_bezier,enemyod.particle,3665,STROKE,TOP_ADD,,,,
timeline,bsspider_trap_bomb,enemyod.particle,3693,,,cx;cy,QU_VIB;SND,boss_ministun_halo,
timeline,boss_ministun,enemyod.particle,3702,,,agR;cx;cy;meshy,QU_SINV;QU_VIB;SND,boss_killed_explode_circle_s;boss_killed_explode_ripple_s;boss_ministun_circle;boss_ministun_halo,
particle,boss_ministun_halo,enemyod.particle,3719,,TOP_ADD,,CLONE,magic_chantcomp_target_halo_pr,
particle,boss_ministun_circle,enemyod.particle,3743,,,,CLONE,bsspider_bigbeam_shoot_d,
timeline,bsspider_knife_shot,enemyod.particle,3761,,,agR;compressed;cx;cy;sx;sy,DATAS;SND;WAIT,od_flare_circle;pr_backstep_halo,
timeline,bsspider_absorb_piston,enemyod.particle,3780,,,,QU_HANDSHAKE;TE_QU_SINV;TE_QU_VIB,,
timeline,bsspider_finalbeam,enemyod.particle,3792,,,,QU_SINV;QU_VIB;SND,,
timeline,boss_die_explode_pre,enemyod.particle,3804,,,cx;cy;x0;y0,QU_VIB;SND,boss_dying_bigbomb;boss_dying_shockwave,
timeline,bsspider_absorb_fatal_vore,enemyod.particle,3819,,,cx;cy,DRO;SND;TE_QU_SINH,,
timeline,ep_orgasm,ep.particle,2,,,fear,EFT;PVIB,,flash
timeline,ep_smoke_ui,ep.particle,16,,,ep,,ep_smoke_on_ui,
particle,ep_smoke_on_ui,ep.particle,22,SMOKE_L,,,,,
timeline,ep_smoke_fear_ui,ep.particle,51,,,ep,,ep_smoke_fear_on_ui,
particle,ep_smoke_fear_on_ui,ep.particle,57,,TOP_SUB,,CLONE,ep_smoke_on_ui,
timeline,ep_smoke,ep.particle,79,,,cx;cy;ep;fear,,ep_smoke_fear_on_pr;ep_smoke_on_pr,
particle,ep_smoke_on_pr,ep.particle,90,,,,CLONE,ep_smoke_on_ui,
particle,ep_smoke_fear_on_pr,ep.particle,102,,,,CLONE,ep_smoke_on_pr,
timeline,ep_orgasm_ui,ep.particle,113,,,cx;dwh,,ep_orgasm_biku;ep_orgasm_bikus;ep_orgasm_ui_line;ep_orgasm_ui_line_top,
particle,ep_orgasm_ui_line,ep.particle,124,DOORLINE,,,,,
particle,ep_orgasm_ui_line_top,ep.particle,157,,TOP,,CLONE,ep_orgasm_ui_line,
particle,ep_orgasm_biku,ep.particle,168,BIKUBIKU,TOP_NORMALP2,,,,
particle,ep_orgasm_bikus,ep.particle,217,BIKUBIKU_S,,,CLONE,ep_orgasm_biku,
timeline,bench_sitdown,ev.particle,2,,,cx;cy,PVIB;SND,bench_sitdown_circle;bench_sitdown_line,
particle,bench_sitdown_circle,ev.particle,11,CIRCLE,TOP,,,,
particle,bench_sitdown_line,ev.particle,53,STROKE,TOP_ADD,,,,
timeline,bench_cure_hp,ev.particle,103,,,cx;cy;delay,HOLD;SND;WAIT,bench_cure_hp_halo,
particle,bench_cure_hp_halo,ev.particle,113,,,,CLONE,ui_use_item,
timeline,bench_cure_mp,ev.particle,127,,,cx;cy;delay,HOLD;SND;WAIT,bench_cure_mp_halo,
particle,bench_cure_mp_halo,ev.particle,135,,,,CLONE,bench_cure_hp_halo,
timeline,bench_cure_torned,ev.particle,142,,,cx;cy;delay,HOLD;SND;WAIT,,
particle,bench_cure_torned,ev.particle,153,DOORLINE,TOP_ADD,,,,
timeline,bench_cure_fear,ev.particle,190,,,cx;cy;delay,HOLD;SND;WAIT,bench_cure_torned,
timeline,bench_debuff,ev.particle,200,,,cx;cy;delay;wait,HOLD;SND;WAIT,noeljuice_explode_aula;noeljuice_explode_line,
timeline,ixia_float,ev.particle,214,,,cx;cy,SND,ixia_float_smoke;ixia_unikira,
particle,ixia_float_smoke,ev.particle,221,SMOKE,,,,,
timeline,item_damage_hp,ev.particle,246,,,cx;cy;delay,HOLD;SND;WAIT,item_damage_hp_poly,
timeline,item_damage_mp,ev.particle,255,,,cx;cy;delay,HOLD;SND;WAIT,item_damage_hp_poly,
particle,item_damage_hp_poly,ev.particle,264,POLYGON,TOP,,,,
particle,ixia_unikira,ev.particle,288,,TOP,,CLONE,get_coin_unikira,
timeline,ixia_flash,ev.particle,297,,,cx;cy,EFT;SND,ixia_unikira,flash
timeline,ev_foot_leaf,ev.particle,306,,,cx;cy,SND,,
particle,ev_foot_leaf,ev.particle,311,,TOP,,CLONE,foot_leaf,
timeline,primula_mist_charge,ev.particle,327,,,tx;ty,SND_ACT;TARGETPOS;WAIT,magic_casting_line_t_pr,
timeline,primula_mist_shot_init,ev.particle,336,,,agR;hagR;sx;sy,DATAS;SND,mush_shot_shooted_gas;primula_mist_shot_init_circle,
particle,primula_mist_shot_init_circle,ev.particle,345,,TOP_ADD,,CLONE,mush_shot_shooted_circle,
timeline,primula_wave_charge,ev.particle,355,,,tx;ty,SND_ACT;TARGETPOS;WAIT,primula_wave_charge_halo;primula_wave_charge_sw;primula_wave_charge_triangle,
particle,primula_wave_charge_sw,ev.particle,365,,,,CLONE,fox_chaserball_appear_chrage,
particle,primula_wave_charge_halo,ev.particle,371,,,,CLONE,od_charge_special_halo,
particle,primula_wave_charge_triangle,ev.particle,376,,,,CLONE,od_charge_special_triangle,
timeline,primula_wave_charge_w1,ev.particle,382,,,tx;ty,SND;TARGETPOS;WAIT,primula_wave_charge_w1_halo,
particle,primula_wave_charge_w1_halo,ev.particle,391,HALO,TOP_ADD,,,,
timeline,primula_wave_shot,ev.particle,412,,,sx;sy,DATAS;EFT;SND,primula_wave_shot_line,postHamonMagic
particle,primula_wave_shot_line,ev.particle,419,DOORLINE,TOP_ADD,,,,
timeline,primula_magic_abort,ev.particle,441,,,tx;ty,SND;TARGETPOS,magic_abort_dust_ev;magic_abort_dust_ev2,
particle,magic_abort_dust_ev,ev.particle,448,POLYGON,TOP_ADD,,,,
particle,magic_abort_dust_ev2,ev.particle,464,,,,CLONE,magic_abort_dust_ev,
timeline,pvv104_nusi_drip,ev.particle,475,,,cx;cy,DRO;PVIB;QU_HANDSHAKE;QU_SINV;QU_VIB;SND,,
timeline,ev_npc_love_up,ev.particle,490,,,_sizey;by;cx;cy,EF;SND,,NpcLoveUp
timeline,ev_evade,ev.particle,501,,,aim_agR;cnt;cx;cy;foot_exist;mbottom;x,EFT,,dash_afterimage
timeline,ev_general_qu,ev.particle,524,,,lvl,QU_HANDSHAKE,,
timeline,ev_general_qu_vib,ev.particle,531,,,lvl,QU_VIB,,
timeline,ev_bell_hit,ev.particle,539,,,cx;cy,SND,ev_bell_hit_circle;ev_bell_hit_line,
particle,ev_bell_hit_line,ev.particle,548,LINE,TOP,,,,
particle,ev_bell_hit_circle,ev.particle,565,CIRCLE,TOP,,,,
timeline,ev_wk2_whitearrow_0,ev.particle,585,,,,SND;WAIT,,
timeline,ev_q_handshake,ev.particle,594,,,_1;_2;_3;_4,QU_HANDSHAKE,,
timeline,city_forge_hammer,ev.particle,607,,,_nosnd;cx;cy,SND,city_forge_hammer_line,
particle,city_forge_hammer_line,ev.particle,618,,ADD,,CLONE,ev_bell_hit_line,
timeline,00_alma_goto_ground,ev.particle,627,,,,SND;WAIT,,
timeline,ev200_alice_12_puppy_attack_flash,ev.particle,638,,,cx;cy,EF;SND;WAIT,ev200_alice_12_puppy_attack_flash_halo,flashhold
particle,ev200_alice_12_puppy_attack_flash_halo,ev.particle,647,,TOP,,CLONE,en_critical_hit_halo,
timeline,ev200_alice_12_puppy_attack_circle,ev.particle,658,,,cx;cy,EFT;PVIB;QU_HANDSHAKE;QU_VIB;WAIT,,radiation
particle,ev200_alice_12_puppy_attack_circle,ev.particle,668,,,,CLONE,en_critical_hit_bcircle,
timeline,ev200_rubecchi_appear,ev.particle,680,,,maxt,EFT;QU_HANDSHAKE;SND;WAIT,,flash;radiation
timeline,ev200_rubecchi_trigger,ev.particle,694,,,cx;cy,QU_SINV;QU_VIB;SND;WAIT,en_superflash_hit_circle;en_superflash_hit_halo;enemyod_appear_circle;enemyod_init_circle;shockwave_en_230,
particle,en_superflash_hit_halo,ev.particle,710,,,,CLONE,en_critical_hit_halo,
particle,en_superflash_hit_circle,ev.particle,719,,,,CLONE,en_critical_hit_circle,
timeline,ev200_rubecchi_crack,ev.particle,729,,,agR;i;lx;ly;w;x;y,EFT;QU_VIB;SND;WAIT,ev200_rubecchi_crack_cylinder;ev200_rubecchi_crack_halo;ev200_rubecchi_crack_smoke,flashhold
particle,ev200_rubecchi_crack_smoke,ev.particle,758,,,,CLONE,ehome_meteor_land_smoke,
particle,ev200_rubecchi_crack_halo,ev.particle,772,HALO,TOP_ADD,,,,
particle,ev200_rubecchi_crack_cylinder,ev.particle,789,CYLINDER_GRD,TOP_ADD,,,,
timeline,ev200_rubecchi_fall,ev.particle,809,,,agR;i;lx;ly;w;x;y,EFT;QU_HANDSHAKE;QU_SINH;QU_VIB;SND;WAIT,ev200_rubecchi_crack_smoke;ev200_rubecchi_fall_shard_brick;od_explode_halo;od_explode_sabi;od_flare_circle,flashhold;radiation
particle,ev200_rubecchi_fall_shard_brick,ev.particle,840,NOEL_BREAK_CLOTH,,,,,
timeline,ev200_bossspider_capture_init,ev.particle,865,,,,EFT;QU_HANDSHAKE;QU_VIB;SND,,flashhold
timeline,ev200_bossspider_grawl,ev.particle,873,,,cx;cy,PVIB;QU_HANDSHAKE;QU_SINV;QU_VIB;SND,overdrive_growl_ripple,
timeline,ev_magicdevice_fall,ev.particle,890,,,cx;cy,SND,ixia_float_smoke,
timeline,ev_199_alice_unconscious_needle,ev.particle,898,,,agR;cx;cy;sizex;sizey,QU_VIB;SIZE,ev_199_alice_unconscious_needle_circle;ev_199_alice_unconscious_needle_line,
particle,ev_199_alice_unconscious_needle_line,ev.particle,910,LINE,TOP,,,,
particle,ev_199_alice_unconscious_needle_circle,ev.particle,929,CIRCLE,TOP,,,,
timeline,ev200_mount_facil_activate0,ev.particle,953,,,,QU_SINV;QU_VIB;SND,,
timeline,ev200_mount_facil_activate1,ev.particle,960,,,,QU_SINV;QU_VIB;SND,,
particle,fatal_koukasen,fatal.particle,6,LINE,TOP_MUL,,,,
particle,fatal_hokahoka,fatal.particle,32,SMOKE_L,TOP,,,,
particle,fatal_hokahoka_n,fatal.particle,55,,,,CLONE,fatal_hokahoka,
particle,fatal_hokahoka_pink,fatal.particle,61,,,,CLONE,fatal_hokahoka,
particle,fatal_hokahoka_dark,fatal.particle,69,,TOP_MUL,,CLONE,fatal_hokahoka,
particle,fatal_inject_circle_s,fatal.particle,79,,SUB,,CLONE,ui_plant_egg_circle,
particle,fatal_inject_line_s,fatal.particle,91,,SUB,,CLONE,ui_plant_egg_line,
particle,fatal_inject_line,fatal.particle,102,,,,CLONE,fatal_inject_line_s,
particle,fatal_inject_circle,fatal.particle,111,,,,CLONE,fatal_inject_circle_s,
particle,fatal_breathe,fatal.particle,119,,NORMAL,,CLONE,ui_breathe,
particle,fatal_breathe_b,fatal.particle,131,,NORMAL,,CLONE,ui_breathe,
particle,fatal_liquid_pink,fatal.particle,147,PARTICLE_SPLASH,TOP,,,,
particle,fatal_sperm_shot_s,fatal.particle,169,SPERMSHOT,,,,,
particle,fatal_orgasm_explode_line,fatal.particle,192,STROKE,,,,,
particle,fatal_orgasm_explode_dot,fatal.particle,215,CIRCLE,,,CLONE,fatal_orgasm_explode_line,
particle,fatal_orgasm_explode_dot_s,fatal.particle,227,,,,CLONE,fatal_orgasm_explode_dot,
particle,fatal_orgasm_explode_dot_s_narrow,fatal.particle,233,,,,CLONE,fatal_orgasm_explode_dot_s,
particle,fatal_orgasm_explode_dot_s_slow,fatal.particle,239,,,,CLONE,fatal_orgasm_explode_dot,
particle,fatal_liquid_white_s,fatal.particle,251,,,,CLONE,fatal_liquid_pink,
particle,fatal_liquid_white,fatal.particle,262,,,,CLONE,fatal_liquid_pink,
particle,fatal_masturb_dot,fatal.particle,273,,,,CLONE,fatal_orgasm_explode_dot,
particle,fatal_breathe,fatal.particle,280,SMOKE_L,,,,,
particle,fatal_breathe_long,fatal.particle,299,,,,CLONE,fatal_breathe,
particle,fatal_grab_circle,fatal.particle,311,CIRCLE,TOP,,,,
particle,fatal_dark_blink,fatal.particle,341,BLURCIRCLE,TOP_MUL,,,,
particle,fatal_smoke_pink_shoot,fatal.particle,365,SMOKE_L,,,,,
particle,fatal_smoke_pink_shoot_b,fatal.particle,390,,,,CLONE,fatal_smoke_pink_shoot,
particle,fatal_small_puddle,fatal.particle,397,CIRCLE,,,,,
particle,fatal_small_puddle_splash,fatal.particle,425,,,,CLONE,fatal_small_puddle,
particle,fatal_small_puddle_splash_dark,fatal.particle,442,,,,CLONE,fatal_small_puddle_splash,
particle,fatal_small_puddle_long,fatal.particle,455,,,,CLONE,fatal_small_puddle,
particle,fatal_small_puddle_long_u,fatal.particle,465,,,,CLONE,fatal_small_puddle_long,
particle,fatal_small_puddle_long_uw,fatal.particle,483,,,,CLONE,fatal_small_puddle_long_u,
particle,fatal_milk_fall,fatal.particle,493,CIRCLE,,,,,
timeline,ui_excrete_juice_splash,fatal.particle,521,,,_fail,HOLD,excrete_juice_splash_dot0;excrete_juice_splash_dot1_fail0;excrete_juice_splash_dot1_fail1;excrete_juice_splash_dot1_success0;fatal_hokahoka,
timeline,ui_excrete_juice_splash_sample,fatal.particle,540,,,cx;cy,,excrete_juice_splash_dot1_success0,
timeline,ui_excrete_juice_hokahoka,fatal.particle,546,,,_count;_delay;_saf,HOLD,excrete_juice_splash_smoke,
particle,excrete_juice_splash_smoke,fatal.particle,556,SMOKE_L,TOP,,,,
particle,excrete_juice_splash_dot0,fatal.particle,574,CIRCLE,TOP,,,,
particle,excrete_juice_splash_dot1_success0,fatal.particle,599,,,,CLONE,excrete_juice_splash_dot0,
particle,excrete_juice_splash_dot1_fail0,fatal.particle,611,,,,CLONE,excrete_juice_splash_dot1_success0,
particle,excrete_juice_splash_dot1_fail1,fatal.particle,620,,,,CLONE,excrete_juice_splash_dot1_fail0,
particle,supplier_kira,item.particle,2,ANIMKIRA,TOP_ADD,,,,
particle,dropitem_aura,item.particle,37,DAIA,TOP_ADD,,,,
particle,dropitem_aura_bits,item.particle,70,,,,CLONE,dropitem_aura,
timeline,get_drop_item,item.particle,85,,,cx;cy;snd;x;y,SND,,
timeline,get_drop_item_simple,item.particle,100,,,cx;cy,,get_item_circle_0;get_item_circle_1;get_item_circle_bits;get_item_circle_halo;get_item_circle_halo_v,
timeline,get_drop_itemreel_mbox,item.particle,110,,,color;color_sub;x;y,SND,get_item_circle_bits;get_mbox_unikira_getitem;get_mbox_unikira_getitem_sub,
particle,get_item_circle_0,item.particle,119,CIRCLE,TOP_ADD,,,,
particle,get_item_circle_1,item.particle,133,CIRCLE,TOP_ADD,,,,
particle,get_item_circle_bits,item.particle,152,DAIA,TOP_ADD,,,,
particle,get_item_circle_halo,item.particle,173,HALO,TOP_ADD,,,,
particle,get_item_circle_halo_v,item.particle,200,,,,CLONE,get_item_circle_halo,
timeline,noel_juice_filled,item.particle,208,,,_acos;_agR;_dx;_dy;ax;centerpr;drunked;hipx;hipy;i,CALC_HIP_POS;DRO_LR;EFT;IS_CENTERPR;WAIT,noel_juice_filled2;noel_juice_filled_yellow;noel_juice_filled_yellow2,flash
timeline,noel_juice_filled_sensitive,item.particle,260,,,cx;cy,,,
particle,noel_juice_filled_sensitive,item.particle,267,CIRCLE,TOP,,,,
particle,noel_juice_filled,item.particle,299,CIRCLE,TOP,,,,
particle,noel_juice_filled_yellow,item.particle,334,,,,CLONE,noel_juice_filled,
particle,noel_juice_filled2,item.particle,342,,,,CLONE,noel_juice_filled,
particle,noel_juice_filled_yellow2,item.particle,349,,,,CLONE,noel_juice_filled_yellow,
timeline,get_coin,item.particle,358,,,x;y,,get_coin_circle;get_coin_unikira,
particle,get_coin_unikira_base,item.particle,366,UNIKIRA,TOP,,,,
particle,get_coin_unikira,item.particle,395,,,,CLONE,get_coin_unikira_base,
particle,get_coin_circle,item.particle,404,BLURCIRCLE,TOP_ADD,,,,
timeline,itembox_appear,item.particle,438,,,x;y,SND,itembox_appear_circle,
particle,itembox_appear_circle,item.particle,443,CIRCLE,TOP,,,,
particle,itembox_aula,item.particle,470,BLURCIRCLE,ADD,,,,
particle,itembox_aula_kira,item.particle,510,,TOP,,CLONE,get_coin_unikira,
timeline,itembox_open,item.particle,524,,,x;y,,itembox_open_kira,
particle,itembox_open_kira,item.particle,529,,,,CLONE,itembox_aula_kira,
particle,itembox_aula_kira_released,item.particle,551,,,,CLONE,itembox_open_kira,
timeline,magic_device_opening,item.particle,564,,,_z;lx;ly;maxt;tx;ty,EFT;QU_HANDSHAKE;TARGETPOS;WAIT,magic_device_bright;magic_device_init_halo_b_h;magic_device_init_halo_b_v,postHamonMagic
particle,magic_device_bright,item.particle,586,BLURCIRCLE,ADD,,,,
timeline,magic_device_closing,item.particle,621,,,cx;cy;lx;ly;tx;ty,EFT;QU_SINV;TARGETPOS;WAIT,magic_device_closing_circle;magic_device_closing_circle_s;magic_device_closing_halo_b_h;magic_device_closing_halo_b_v;magic_device_closing_halo_h;magic_device_closing_halo_v;magic_device_closing_line,postHamonMagic
particle,magic_device_closing_circle,item.particle,648,BLURCIRCLE,ADD,,,,
particle,magic_device_closing_circle_s,item.particle,685,,,,CLONE,magic_device_closing_circle,
particle,magic_device_closing_halo_v,item.particle,696,HALO,TOP_SUB,,,,
particle,magic_device_closing_halo_h,item.particle,718,,,,CLONE,magic_device_closing_halo_v,
particle,magic_device_closing_halo_b_v,item.particle,726,,TOP_ADD,,CLONE,magic_device_closing_halo_v,
particle,magic_device_closing_halo_b_h,item.particle,740,,,,CLONE,magic_device_closing_halo_b_v,
particle,magic_device_init_halo_b_v,item.particle,749,,TOP_ADD,,CLONE,magic_device_closing_halo_v,
particle,magic_device_init_halo_b_h,item.particle,763,,,,CLONE,magic_device_init_halo_b_v,
particle,magic_device_closing_line,item.particle,771,LINE,TOP_SUB,,,,
timeline,thunder_thrower_appear,item.particle,802,,,x;y,SND,itembox_appear_circle,
particle,mbox_unikira,item.particle,811,,,,CLONE,get_coin_unikira_base,
particle,get_mbox_unikira_getitem,item.particle,821,,TOP,,CLONE,get_coin_unikira_base,
particle,get_mbox_unikira_getitem_sub,item.particle,833,,SUB,,CLONE,get_mbox_unikira_getitem,
timeline,noeljuice_explode,item.particle,841,,,wait;x;y,QU_VIB;SND;WAIT,noeljuice_explode_aula;noeljuice_explode_line,
particle,noeljuice_explode_aula,item.particle,853,CIRCLE,TOP_SUB,,,,
particle,noeljuice_explode_line,item.particle,870,DOORLINE,TOP_SUB,,,,
particle,reel_mbox_kira,item.particle,893,,TOP,,CLONE,get_coin_unikira_base,
timeline,noeljuice_evaporate,item.particle,909,,,juicebomb;x;y,PVIB;QU_VIB;SND,get_coin_circle;get_coin_unikira_base;noeljuice_evap_cylinder;noeljuice_evap_cylinder_2,
particle,noeljuice_evap_cylinder,item.particle,927,DOORLINE,TOP,,,,
particle,noeljuice_evap_cylinder_2,item.particle,946,DOORLINE,,,,,
timeline,gz_tool_explode,item.particle,972,,,cx;cy,QU_SINV;QU_VIB;SND,boss_dying_bigbomb;boss_dying_shockwave,
timeline,hit_breakable_wall,lp.particle,1,,,agR;x;y,SND,hit_breakable_dot;hit_breakable_smoke_l,
timeline,kill_breakable_wall,lp.particle,7,,,agR;x;y,SND,hit_breakable_smoke_add;hit_breakable_smoke_l,
timeline,fall_breakable_wall,lp.particle,15,,,h;w;x;y,SND,hit_breakable_smoke_fall;hit_breakable_smoke_fall_b,
timeline,revert_breakable_wall,lp.particle,22,,,h;w;x;y,SND,hit_breakable_smoke_revert;hit_breakable_smoke_revert_b,
timeline,fall_breakable_wall_dot,lp.particle,29,,,_agR;x;y,,hit_breakable_dot_fall,
particle,hit_breakable_smoke_l,lp.particle,36,SMOKE_L,,,,,
particle,hit_breakable_smoke_fall,lp.particle,70,SMOKE_L,TOP,,CLONE,hit_breakable_smoke_l,
particle,hit_breakable_smoke_fall_b,lp.particle,87,,,,CLONE,hit_breakable_smoke_fall,
particle,hit_breakable_smoke_revert,lp.particle,94,,,,CLONE,hit_breakable_smoke_fall,
particle,hit_breakable_smoke_revert_b,lp.particle,100,,,,CLONE,hit_breakable_smoke_fall_b,
particle,hit_breakable_smoke_add,lp.particle,109,,ADD,,CLONE,hit_breakable_smoke_l,
particle,hit_breakable_dot,lp.particle,128,DOT,,,,,
particle,hit_breakable_dot_fall,lp.particle,163,,,,CLONE,hit_breakable_dot,
timeline,lp_treasure_skill_absorb,lp.particle,177,,,agR;ax;cx;cy;shiftx;shiftx_clen;shifty;shifty_clen,EF;SND;WAIT,en_critical_hit_circle;lp_treasure_skill_absorb_bcircle;lp_treasure_skill_absorb_bcircle_after;lp_treasure_skill_absorb_bcircle_after_sub;lp_treasure_skill_absorb_bcircle_sub,treasure_skill_assign
particle,lp_treasure_skill_absorb_bcircle,lp.particle,198,BLURCIRCLE,TOP_ADD,,,,
particle,lp_treasure_skill_absorb_bcircle_sub,lp.particle,223,,SUB,,CLONE,lp_treasure_skill_absorb_bcircle,
particle,lp_treasure_skill_absorb_bcircle_after,lp.particle,229,,,,CLONE,lp_treasure_skill_absorb_bcircle,
particle,lp_treasure_skill_absorb_bcircle_after_sub,lp.particle,242,,SUB,,CLONE,lp_treasure_skill_absorb_bcircle_after,
timeline,summoner_activate,lp.particle,254,,,is_simple;x;y,EF;EFT;PVIB;SND,summon_activate_dot,summon_activate;summon_activate_rect
timeline,summoner_activate_event,lp.particle,267,,,x;y,EFT;PVIB;QU_VIB;SND,summon_activate_dot,summon_activate_event
particle,summon_activate_dot,lp.particle,279,BLURCIRCLE,MUL,,,,
timeline,summoner_activate_sudden,lp.particle,316,,,fy;w;wh;x;y,EFT;PVIB;SND,summon_activate_sudden_dot,summon_activate_sudden
timeline,summoner_activate_sudden_puppetrevenge,lp.particle,326,,,fy;phase;w;wh;x;y,EFT;PVIB;QU_HANDSHAKE;QU_VIB;SND;WAIT,summon_activate_sudden_dot,summon_activate_sudden_puppetrevenge;summoner_activate_sudden_puppetrevenge_phase
timeline,summoner_activate_sudden_puppetrevenge_debug,lp.particle,341,,,phase,EFT,,summoner_activate_sudden_puppetrevenge_phase
particle,summon_activate_sudden_dot,lp.particle,344,BLURCIRCLE,MUL,,,,
particle,summon_activate_sudden_puppetrevenge_halo,lp.particle,384,,,,CLONE,enemyod_init_halo_v,
timeline,summoner_activate_smnc_td,lp.particle,399,,,x;y,PVIB;QU_HANDSHAKE;QU_VIB;SND,,
timeline,summoner_defeated,lp.particle,409,,,cx;cy,SND;WAIT,shockwave_summoner_440;summoner_unikira,
particle,shockwave_summoner_440,lp.particle,420,BLURCIRCLE,TOP_ADD,,,,
particle,summoner_unikira,lp.particle,448,UNIKIRA,TOP_ADD,,,,
particle,cp_bonfire_light,lp.particle,480,CIRCLE,ADD,,,,
particle,cp_bonfire_smoke,lp.particle,519,BLURCIRCLE,NORMAL,,CLONE,cp_bonfire_light,
particle,cp_alchemy_pot_light,lp.particle,543,,,,CLONE,cp_bonfire_light,
particle,cp_homeec_pot_light,lp.particle,556,,,,CLONE,cp_alchemy_pot_light,
particle,cp_alchemy_pot_light,lp.particle,566,,,,CLONE,cp_bonfire_light,
particle,cp_alchemy_pot_smoke,lp.particle,577,SMOKE_L,,,CLONE,cp_bonfire_smoke,
particle,cp_alchemy_pot_bubble,lp.particle,595,BOMBCIRCLE,,,,,
particle,cp_homeec_pot_bubble,lp.particle,633,,,,CLONE,cp_alchemy_pot_bubble,
particle,cp_check_glacier_light,lp.particle,639,,,,CLONE,cp_bonfire_light,
particle,drawer_mana_gas,lp.particle,648,SMOKE_L,ADD,,,,
particle,drawer_mana_gas_scape,lp.particle,691,,,,CLONE,drawer_mana_gas,
timeline,drawer_tree_leaf_activate,lp.particle,699,,,x;y,SND,drawer_tree_leaf_fall,
particle,drawer_tree_leaf_fall,lp.particle,705,LEAF,NORMAL,,,,
timeline,supply_water,lp.particle,758,,,cx;mbottom,CALCPOS;SND,supply_water_dot,
particle,supply_water_dot,lp.particle,766,DAIA,TOP_ADD,,,,
timeline,extender_finish_open,lp.particle,790,,,agR;x;y,SND,extender_finish_smoke,
timeline,extender_finish_close,lp.particle,795,,,agR;x;y,SND,extender_finish_smoke,
particle,extender_finish_smoke,lp.particle,801,SMOKE_L,,,,,
timeline,carrier_activate_eye,lp.particle,836,,,x;y,,carrier_activate_eye_circle;carrier_activate_eye_halo,
particle,carrier_activate_eye_halo,lp.particle,843,HALO,TOP_ADD,,,,
particle,carrier_activate_eye_circle,lp.particle,865,BLURPOLYGON,TOP_ADD,,,,
timeline,carrier_activate_boost,lp.particle,891,,,x;y,,carrier_activate_boost_circle;carrier_activate_boost_halo,
particle,carrier_activate_boost_halo,lp.particle,899,,,,CLONE,carrier_activate_eye_halo,
particle,carrier_activate_boost_circle,lp.particle,906,,,,CLONE,carrier_activate_eye_circle,
timeline,carrier_activate_eye_moving,lp.particle,912,,,x;y,,carrier_activate_move_circle,
timeline,carrier_activate_boost_moving_lr,lp.particle,918,,,agR;flip;x;y,,carrier_activate_boost_moving;carrier_activate_boost_moving_big;carrier_activate_boost_moving_s,
timeline,carrier_activate_boost_moving_tb,lp.particle,930,,,agR;flip;x;y,,carrier_activate_boost_moving;carrier_activate_boost_moving_big;carrier_activate_boost_moving_s,
timeline,carrier_activate_boost_moving_naname,lp.particle,942,,,agR;flip;x;y,,carrier_activate_boost_moving;carrier_activate_boost_moving_big;carrier_activate_boost_moving_s,
particle,carrier_activate_boost_moving,lp.particle,954,CIRCLE,TOP_ADD,,,,
particle,carrier_activate_boost_moving_big,lp.particle,975,BLURCIRCLE,,,CLONE,carrier_activate_boost_moving,
particle,carrier_activate_boost_moving_s,lp.particle,990,,TOP_SUB,,CLONE,carrier_activate_boost_moving,
particle,carrier_activate_move_circle,lp.particle,999,BLURCIRCLE,ADD,,,,
particle,watersurface_lava,lp.particle,1030,ARC,TOP,,,,
particle,drawer_dust_atelier,lp.particle,1064,BLURCIRCLE,ADD,,,,
particle,drawer_mist_theroom,lp.particle,1102,SMOKE_L,,,,,
particle,drawer_dust_theroom,lp.particle,1139,,,,CLONE,drawer_dust_atelier,
timeline,hit_to_supplier,lp.particle,1150,,,cx;cy;maxt;saf,SND,general_circle_dot;general_circle_t,
timeline,carrier_presser_off,lp.particle,1164,,,x;y,SND,,
timeline,carrier_presser_b,lp.particle,1168,,,_ex_min;_slen_max;cx;mbottom;mleft;mright;width;x;y,PVIB_NEAR;QU_HANDSHAKE_NEAR;QU_SINV_NEAR;SND,ground_bump_smoke_l;ground_bump_smoke_r,
timeline,carrier_presser_r,lp.particle,1183,,,_ex_min;_slen_max;cy;mbottom;mright;mtop;width,PVIB_NEAR;QU_HANDSHAKE_NEAR;QU_SINH_NEAR;SND,ground_bump_smoke_b;ground_bump_smoke_t,
timeline,light_from_right_B,lp.particle,1199,,,,,,
timeline,light_from_right,lp.particle,1206,,,agR;cx;cy;flip;rotation,WAIT,light_from_right_dot;light_from_right_kira,
particle,light_from_right_kira,lp.particle,1225,ANIMKIRA,TOP_ADD,,,,
particle,light_from_right_dot,lp.particle,1250,KIRA,,,CLONE,light_from_right_kira,
timeline,hit_slime_decoy,lp.particle,1260,,,_rand_rot;_rand_y;hit_x;hit_y,SND;WAIT,slime_decoy_hits_halo,
particle,slime_decoy_hits_halo,lp.particle,1269,,,,CLONE,pr_hits_halo,
particle,m2d_lp_museum_smoke,lp.particle,1279,SMOKE_L,SUB,,,,
particle,m2d_lp_museum_smoke_L,lp.particle,1302,,,,CLONE,m2d_lp_museum_smoke,
particle,m2d_lp_museum_smoke_in,lp.particle,1311,SMOKE_L,SUB,,,,
particle,m2d_lp_chimney_smoke,lp.particle,1333,,TOP,,CLONE,m2d_lp_museum_smoke,
timeline,lp_museum_sphere_flash,lp.particle,1342,,,cx;cy,,lp_museum_sphere_flash_halo,
particle,lp_museum_sphere_flash_halo,lp.particle,1347,HALO,TOP_ADD,,,,
timeline,lp_museum_sphere_flash_out,lp.particle,1365,,,cx;cy,,lp_museum_sphere_flash_out_star,
particle,lp_museum_sphere_flash_out_star,lp.particle,1371,ANIMKIRA,TOP_ADD,,,,
particle,lp_museum_fproj_halo,lp.particle,1394,HALO,TOP_ADD,,,,
particle,grazia_plant_aura_big,lp.particle,1419,POLYGON,,,,,
particle,grazia_plant_aura_sml,lp.particle,1437,POLYGON,,,,,
timeline,summoner_activate_smnc,lp.particle,1465,,,x;y,EFT;PVIB;SND,,summon_activate_smnc
timeline,hit_td_barricade,lp.particle,1477,,,_rand_rot;_rand_y;hit_x;hit_y;mbottom;mtop,SND,pr_hit_dust;pr_hitl_blood;pr_hits_halo;pr_hits_halo_b,
timeline,hit_td_barricade_manatower_pr,lp.particle,1487,,,hit_x;hit_y,SND,,
timeline,hit_td_barricade_initdeath,lp.particle,1493,,,cx;cy;size;sizex;sizey;tx;ty,SIZE;SND,machine_die_smoke_black;machine_die_smoke_red;machine_die_smoke_red_bit,
timeline,td_offensive_wall_reflect,lp.particle,1506,,,cx;cy,SND,reflect_circle,
timeline,td_finalwall_break_hit,lp.particle,1514,,,cx;cy;saf,WAIT,td_finalwall_break_hit_bc;td_finalwall_break_hit_chips;td_finalwall_break_hit_halo,
particle,td_finalwall_break_hit_bc,lp.particle,1526,BLURPOLYGON,TOP,,,,
particle,td_finalwall_break_hit_chips,lp.particle,1544,POLYGON,TOP,,,,
particle,td_finalwall_break_hit_halo,lp.particle,1565,HALO,TOP,,,,
timeline,td_finalwall_break_hit_smoke,lp.particle,1590,,,_count;_delay;_loop;cx1;cx2;cy1;cy2,WAIT,m2d_lp_museum_smoke_L,
timeline,td_finalwall_break,lp.particle,1601,,,cx;cy;lv,MERGE;QU_SINH;QU_VIB;SND,td_finalwall_break_hit;td_finalwall_break_hit_smoke,
timeline,td_finalwall_break_whole,lp.particle,1626,,,_count;_delay;cx;cx0;cy;cy0,MERGE;SND,td_finalwall_break_hit;td_finalwall_break_hit_smoke,
timeline,tigrina_cannon_init,lp.particle,1651,,,cx;cy;sx;sy,DATAS;SND;WAIT,tigrina_cannon_init_smoke,
particle,tigrina_cannon_init_smoke,lp.particle,1662,SMOKE,,,,,
timeline,tdtigrina_cannon_explode,lp.particle,1686,,,sx;sy;type,CALCPOS;DATAS;MERGE;SND,itembomb_explode;magic_fireball_explode;magic_fireball_explode_dust;magic_fireball_explode_halo;tdtigrina_cannon_explode_shockwave_smoke,
particle,tdtigrina_cannon_explode_shockwave_smoke,lp.particle,1708,SMOKE_L,TOP_ADD,,,,
particle,td107_cure_in_tent,lp.particle,1728,DAIA,TOP,,,,
timeline,pcannon_rotate_after,lp.particle,1756,,,,SND;WAIT,,
timeline,pcannon_rotate,lp.particle,1761,,,hipR;hipx;hipy,DATAHIP;SND;WAIT,pcannon_rotate_smoke,
particle,pcannon_rotate_smoke,lp.particle,1772,,,,CLONE,enemy_warp_somke_l,
timeline,pcannon_activate,lp.particle,1787,,,_t;_tz;headR;headx;heady;maxt,DATAHEAD;SND;WAIT,pcannon_charge_circle;pcannon_charge_line,
particle,pcannon_charge_circle,lp.particle,1807,BLURCIRCLE,ADD,,,,
particle,pcannon_charge_line,lp.particle,1828,LINE,ADD,,,,
timeline,pcannon_shot,lp.particle,1853,,,_i;headR;headx;heady,DATAHEAD;QU_HANDSHAKE;QU_SINH;QU_SINV;SND;WAIT,pcannon_shot_circle;pcannon_shot_halo;pcannon_shot_smoke,
particle,pcannon_shot_circle,lp.particle,1878,BLURCIRCLE,TOP_ADD,,,,
particle,pcannon_shot_halo,lp.particle,1904,,TOP_ADD,,CLONE,slime_overdrive_eat_close_halo,
particle,pcannon_shot_smoke,lp.particle,1919,,,,CLONE,pcannon_rotate_smoke,
timeline,pcannon_explode,lp.particle,1936,,,radius;sx;sy;tx;ty,DATAS;EF;EFT;SND,magic_fireball_explode_halo_en;powerbomb_explode_aftcircle;powerbomb_explode_elec;powerbomb_explode_elec_s;powerbomb_explode_line;powerbomb_explode_ripple;powerbomb_explode_ripple_s,fox_chaserball_explode_sphere;mg_fireball_explode_sphere;post_fireball_sphere
particle,shockwave_pr_130,magic.particle,4,BLURCIRCLE,ADD,,,,
particle,magic_casting_pr,magic.particle,39,POLYGON,ADD,,,,
particle,magic_casting_en,magic.particle,68,,,,CLONE;MERGE,__mag_col_en_aff;magic_casting_pr,
particle,magic_casting_line_t_pr,magic.particle,72,LINE,ADD,,,,
particle,magic_casting_line_t_en,magic.particle,103,,,,CLONE;MERGE,__mag_col_en_a0;magic_casting_line_t_pr,
particle,magic_explode_pr,magic.particle,107,KIRA,ADD,,,,
particle,magic_explode_en,magic.particle,123,,,,CLONE;MERGE,__mag_col_en_aff;magic_explode_pr,
timeline,magic_init,magic.particle,128,,,_af;_pr;centerpr;cx;cy;tx;ty,CALCPOS;SND;WAIT,,
particle,magic_chantcircle_aula_pr,magic.particle,157,BLURPOLYGON,SUB,,,,
particle,magic_chantcircle_aula_en,magic.particle,192,,,,CLONE;MERGE,__mag_col_en_s441;magic_chantcircle_aula_pr,
timeline,magic_chanted,magic.particle,198,,,_cdust;_count;_pr;centerpr;circlex;circley;tx;ty,CALCPOS;EFT;KILLEFFECT;MAGIC_CIRCLE_SET;PVIB2;SND;WAIT,,postHamonMagic
timeline,magic_hold,magic.particle,245,,,_af;_pr;_v;finished;no_hold_snd;tx;ty,CALCPOS;WAIT,,
particle,magic_hold_halo_pr,magic.particle,274,,,,CLONE,magic_chantcomp_target_halo_pr,
particle,magic_hold_halo_en,magic.particle,283,,,,CLONE;MERGE,__mag_col_en_aff;magic_hold_halo_pr,
particle,magic_hold_halo_s_pr,magic.particle,287,,,,CLONE,magic_chantcomp_target_halo_pr,
particle,magic_hold_halo_s_en,magic.particle,305,,,,CLONE;MERGE,__mag_col_en_aff;magic_hold_halo_s_pr,
particle,magic_hold_halo_b_pr,magic.particle,310,HALO,SUB,,,,
particle,magic_hold_halo_b_en,magic.particle,339,,,,CLONE;MERGE,__mag_col_en_s441;magic_hold_halo_b_pr,
particle,magic_hold_daia_pr,magic.particle,344,,,,CLONE,magic_casting_pr,
particle,magic_hold_daia_en,magic.particle,364,,,,CLONE;MERGE,__mag_col_en_aff;magic_hold_daia_pr,
particle,magic_abort_circle_pr,magic.particle,370,,,,CLONE,magic_chantcomp_circle_pr,
particle,magic_abort_circle_en,magic.particle,383,,,,CLONE;MERGE,__mag_col_en_aff;magic_abort_circle_pr,
particle,magic_abort_dust_pr,magic.particle,387,DAIA,ADD,,,,
particle,magic_abort_dust_en,magic.particle,415,,,,CLONE;MERGE,__mag_col_en_a0;magic_abort_dust_pr,
timeline,magic_circle_close,magic.particle,419,,,_pr,MAGIC_CIRCLE_SET,,
particle,magic_circle_close_daia_pr,magic.particle,424,POLYGON,ADD,,,,
particle,magic_circle_close_daia2_pr,magic.particle,459,,,,CLONE,magic_circle_close_daia_pr,
particle,magic_circle_close_daia_en,magic.particle,474,,,,CLONE;MERGE,__mag_col_en_aff;magic_circle_close_daia_pr,
particle,magic_circle_close_daia2_en,magic.particle,478,,,,CLONE;MERGE,__mag_col_en_aff;magic_circle_close_daia2_pr,
timeline,magic_abort,magic.particle,484,,,_pr;cx;cy,CALCPOS;MAGIC_CIRCLE_SET;SND,,
timeline,magic_hit_to_water,magic.particle,493,,,sx;sy;vx;vy,DATAS;DRO;SND,hit_to_water_splash,
particle,hit_to_water_splash,magic.particle,500,WATER_SPLASH,,,,,
timeline,magic_fireball,magic.particle,528,,,_af;tx;ty,CALCPOS;EFT;SND;WAIT,magic_fireball_float,postPopSummon
timeline,mg_fireball_curve,magic.particle,541,,,dz;sx;sy,DATAD;DATAS;EFT;SND,,postPopSummonR20
particle,magic_fireball_float,magic.particle,550,POLYGON,ADD,,,,
timeline,mg_fireball_boost_bh,magic.particle,586,,,sx;sy,DATAS;SND;WAIT,mg_fireball_boost_bh_elec,
particle,mg_fireball_boost_bh_elec,magic.particle,598,ELEC,TOP_ADD,,,,
timeline,magic_fireball_explode,magic.particle,621,,,boost;radius;tx;ty,CALCPOS;EF;EFT;PVIB;QU_VIB;SND,magic_fireball_explode_add;magic_fireball_explode_dust;magic_fireball_explode_halo;magic_fireball_explode_sub;mg_fireball_boost_bh_elec;shockwave_pr_130,mg_fireball_explode_sphere;post_fireball_sphere
particle,magic_fireball_explode_sub,magic.particle,649,,,,CLONE,magic_chantcomp_target_sub_pr,
particle,magic_fireball_explode_add,magic.particle,656,,,,CLONE,magic_chantcomp_target_add_pr,
particle,magic_fireball_explode_halo,magic.particle,664,,,,CLONE,magic_chantcomp_target_halo_pr,
particle,magic_fireball_explode_dust,magic.particle,681,,,,CLONE,magic_chantcomp_circle_dust_0_pr,
particle,magic_fireball_explode_sub_en,magic.particle,699,,,,CLONE;MERGE,__mag_col_en_saa;magic_fireball_explode_sub,
particle,magic_fireball_explode_add_en,magic.particle,707,,,,CLONE;MERGE,__mag_col_en_ared;magic_fireball_explode_add,
particle,magic_fireball_explode_halo_en,magic.particle,723,,,,CLONE;MERGE,__mag_col_en_ared;magic_fireball_explode_halo,
particle,magic_fireball_explode_dust_en,magic.particle,727,,,,CLONE;MERGE,__mag_col_en_ared;magic_fireball_explode_dust,
timeline,burst_prepare,magic.particle,738,,,cx;cy;time,PVIB;SND;WAIT,burst_prepare_circle;burst_prepare_circle_b,
timeline,burst_after,magic.particle,749,,,cx;cy,PVIB;SND,burst_after_circle;burst_after_circle_b;magic_burst_explode_dust;magic_burst_explode_halo;shockwave_burst,
particle,shockwave_burst,magic.particle,762,,,,CLONE,shockwave_pr_130,
particle,magic_burst_explode_halo,magic.particle,771,,,,CLONE,magic_fireball_explode_halo,
particle,burst_prepare_circle,magic.particle,781,BLURCIRCLE,ADD,,,,
particle,burst_prepare_circle_b,magic.particle,816,,SUB,,CLONE,burst_prepare_circle,
particle,burst_after_circle,magic.particle,826,,ADD,,CLONE,burst_prepare_circle,
particle,burst_after_circle_b,magic.particle,844,,,,CLONE,burst_prepare_circle_b,
particle,magic_burst_explode_dust,magic.particle,861,,,,CLONE,magic_fireball_explode_dust,
timeline,burst_scapecat_prepare,magic.particle,866,,,cx;cy;time,PVIB;SND;WAIT,burst_prepare_circle;burst_prepare_circle_b;burst_prepare_scapecat_bezier;burst_prepare_scapecat_halo,
particle,burst_prepare_scapecat_halo,magic.particle,880,HALO,TOP_ADD,,,,
particle,burst_prepare_scapecat_bezier,magic.particle,902,LINE,TOP_ADD,,,,
timeline,burst_scapecat_after,magic.particle,925,,,cx;cy,PVIB;SND,burst_after_circle;burst_after_circle_b;burst_scapecat_after_circle_1;burst_scapecat_after_ripple;magic_burst_explode_dust;shockwave_burst,
particle,burst_scapecat_after_ripple,magic.particle,937,FRAMERIPPLE,TOP_ADD,,,,
particle,burst_scapecat_after_circle_1,magic.particle,960,BLURCIRCLE,TOP_ADD,,,,
timeline,shotgun_pre,magic.particle,981,,,_pr;x;y,,magic_shotgun_explode_halo;magic_shotgun_explode_halo_en,
timeline,shotgun_post,magic.particle,991,,,_pr;agR;x;y,PVIB;SND;WAIT,magic_fireball_explode_add;magic_fireball_explode_add_en;magic_fireball_explode_sub;magic_fireball_explode_sub_en;magic_shotgun_dot;magic_shotgun_elec;magic_shotgun_elec2;magic_shotgun_elec_sub;magic_shotgun_post_circle1;magic_shotgun_post_circle2;magic_shotgun_post_halo;magic_shotgun_post_halo_en,
timeline,shotgun_post_small,magic.particle,1013,,,_pr;agR;x;y,PVIB;SND;WAIT,magic_fireball_explode_sub;magic_fireball_explode_sub_en;magic_shotgun_dot;magic_shotgun_post_circle1;magic_shotgun_post_halo_small;magic_shotgun_post_halo_small_en,
particle,magic_shotgun_explode_halo,magic.particle,1030,,,,CLONE,magic_fireball_explode_halo,
particle,magic_shotgun_explode_halo_en,magic.particle,1053,,,,CLONE;MERGE,__mag_col_en_ared;magic_shotgun_explode_halo,
particle,magic_shotgun_elec,magic.particle,1056,ELEC,ADD,,,,
particle,magic_shotgun_elec2,magic.particle,1095,,,,CLONE,magic_shotgun_elec,
particle,magic_shotgun_elec_sub,magic.particle,1106,ELEC_LINE,SUB,,CLONE,magic_shotgun_elec,
particle,magic_shotgun_dot,magic.particle,1126,LINE,ADD,,,,
particle,magic_shotgun_post_circle1,magic.particle,1158,BLURCIRCLE,TOP_ADD,,,,
particle,magic_shotgun_post_circle2,magic.particle,1182,,,,CLONE,magic_shotgun_post_circle1,
particle,magic_shotgun_post_halo,magic.particle,1196,,,,CLONE,magic_shotgun_explode_halo,
particle,magic_shotgun_post_halo_en,magic.particle,1213,,,,CLONE;MERGE,__mag_col_en_ared;magic_shotgun_post_halo,
particle,magic_shotgun_post_halo_small,magic.particle,1216,,,,CLONE,magic_shotgun_post_halo,
particle,magic_shotgun_post_halo_small_en,magic.particle,1223,,,,CLONE;MERGE,__mag_col_en_ared;magic_shotgun_post_halo_small,
timeline,shield_deactivate,magic.particle,1230,,,_scl;cx;cy;h;w,,shield_deactivate_doorbit;shield_deactivate_kira,
particle,shield_deactivate_kira,magic.particle,1237,HALO,TOP_ADD,,,,
particle,shield_deactivate_doorbit,magic.particle,1271,DOORLINE,TOP_ADD,,,,
timeline,shield_guard_success,magic.particle,1301,,,agR;x;y,PVIB;SND,shield_guard_success_circle;shield_guard_success_dot,
particle,shield_guard_success_circle,magic.particle,1309,BOMBCIRCLE,,,,,
particle,shield_guard_success_dot,magic.particle,1331,LINE,TOP,,,,
timeline,shield_break,magic.particle,1361,,,_scl;agR;cx;cy;h;w;x;y,PVIB;SND,shield_break_dot;shield_break_halo;shield_break_halo_l;shield_break_poly;shield_break_poly_fall,
particle,shield_break_poly,magic.particle,1373,POLYGON,TOP_ADD,,,,
particle,shield_break_halo,magic.particle,1414,HALO,TOP_ADD,,,,
particle,shield_break_halo_l,magic.particle,1451,,TOP_ADD,,CLONE,shield_break_halo,
particle,shield_break_dot,magic.particle,1464,,,,CLONE,shield_guard_success_dot,
particle,shield_break_poly_fall,magic.particle,1475,,,,CLONE,shield_break_poly,
timeline,whitearrow_preparing,magic.particle,1492,,,_agR;agR;sa;tx;ty,CALCPOS;DATAS,whitearrow_preparing_daia,
particle,whitearrow_preparing_daia,magic.particle,1503,BLURPOLYGON,TOP_ADD,,,,
particle,whitearrow_preparing_daia2,magic.particle,1539,,,,CLONE,whitearrow_preparing_daia,
timeline,whitearrow_appear,magic.particle,1551,,,,SND,,
timeline,whitearrow_shot_first,magic.particle,1557,,,sa;sx;sy,CALCPOS;DATAS;EF;EFT;SND,magic_whitearrow_line_shoot0,arrow_afterimage;magic_whittearrow_bow_remain
particle,magic_whitearrow_line_shoot0,magic.particle,1570,LINE,TOP_ADD,,,,
timeline,whitearrow_arrow_float,magic.particle,1605,,,sa;sx;sy,CALCPOS;DATAS,magic_whitearrow_arrow_daia,
particle,magic_whitearrow_arrow_daia,magic.particle,1611,BLURPOLYGON,TOP_ADD,,,,
timeline,whitearrow_hit_wall,magic.particle,1646,,,dx;dy;sa;sx;sy,DATAD;DATAS;SND,magic_whitearrow_hit_halo_a;magic_whitearrow_hit_halo_a2;magic_whitearrow_hit_halo_s;magic_whitearrow_hit_lines;magic_whitearrow_hit_stars,
timeline,whitearrow_hit_mv,magic.particle,1657,,,dx;dy;sa;sx;sy,DATAD;DATAS;PVIB;SND,magic_whitearrow_hit_halo_a;magic_whitearrow_hit_halo_a3;magic_whitearrow_hit_halo_s;magic_whitearrow_hit_lines_mv;magic_whitearrow_hit_stars,
particle,magic_whitearrow_hit_halo_s,magic.particle,1669,HALO,TOP_SUB,,,,
particle,magic_whitearrow_hit_halo_a,magic.particle,1702,,TOP_ADD,,CLONE,magic_whitearrow_hit_halo_s,
particle,magic_whitearrow_hit_halo_a2,magic.particle,1711,,TOP_ADD,,CLONE,magic_whitearrow_hit_halo_a,
particle,magic_whitearrow_hit_halo_a3,magic.particle,1721,,,,CLONE,magic_whitearrow_hit_halo_a2,
particle,magic_whitearrow_hit_lines,magic.particle,1734,,,,CLONE,magic_whitearrow_line_shoot0,
particle,magic_whitearrow_hit_lines_mv,magic.particle,1743,,,,CLONE,magic_whitearrow_hit_lines,
particle,magic_whitearrow_hit_stars,magic.particle,1754,POLYGON,TOP_ADD,,,,
timeline,magic_killed,magic.particle,1781,,,agR;cx;cy;speed;sx;sy,SND,magic_killed_circle_0;magic_killed_circle_1,
particle,magic_killed_circle_0,magic.particle,1790,POLYGON,TOP_ADD,,,,
particle,magic_killed_circle_1,magic.particle,1816,,,,CLONE,magic_killed_circle_0,
timeline,dropbomb_charge,magic.particle,1836,,,sx;sy;tx;ty,CALCPOS;WAIT,dropbomb_charge_unikira_a;dropbomb_charge_unikira_s,
particle,dropbomb_charge_line,magic.particle,1848,LINE,TOP_ADD,,,,
particle,dropbomb_charge_line_en,magic.particle,1876,,,,CLONE,dropbomb_charge_line,
particle,dropbomb_charge_unikira_s,magic.particle,1881,UNIKIRA,SUB,,,,
particle,dropbomb_charge_unikira_a,magic.particle,1916,,ADD,,CLONE,dropbomb_charge_unikira_s,
timeline,dropbomb_shot,magic.particle,1926,,,_pr;agR;tx;ty,SND,dropbomb_shot_circle;dropbomb_shot_circle_en;dropbomb_shot_halo_h;dropbomb_shot_halo_h_en;dropbomb_shot_halo_v;dropbomb_shot_halo_v_en,
particle,dropbomb_shot_halo_v,magic.particle,1944,HALO,TOP_ADD,,,,
particle,dropbomb_shot_halo_v_en,magic.particle,1966,,,,CLONE,dropbomb_shot_halo_v,
particle,dropbomb_shot_halo_h,magic.particle,1971,,,,CLONE,dropbomb_shot_halo_v,
particle,dropbomb_shot_halo_h_en,magic.particle,1980,,,,CLONE,dropbomb_shot_halo_h,
particle,dropbomb_shot_circle,magic.particle,1985,BLURPOLYGON,TOP_ADD,,,,
particle,dropbomb_shot_circle_en,magic.particle,2017,,,,CLONE,dropbomb_shot_circle,
timeline,dropbomb_ball,magic.particle,2024,,,_pr;sa;sx;sy,DATAS;WAIT,dropbomb_ball_circle;dropbomb_ball_circle_en;dropbomb_ball_circle_fade;dropbomb_ball_circle_fade_en;dropbomb_ball_halo;dropbomb_ball_halo_en;dropbomb_ball_halo_fade;dropbomb_ball_halo_fade_en;dropbomb_ball_halo_fade_v;dropbomb_ball_halo_fade_v_en;dropbomb_ball_halo_v;dropbomb_ball_halo_v_en,
particle,dropbomb_ball_halo,magic.particle,2051,HALO,TOP_ADD,,,,
particle,dropbomb_ball_halo_en,magic.particle,2073,,,,CLONE,dropbomb_ball_halo,
particle,dropbomb_ball_halo_fade,magic.particle,2078,,TOP_MUL,,CLONE,dropbomb_ball_halo,
particle,dropbomb_ball_halo_fade_en,magic.particle,2088,,,,CLONE,dropbomb_ball_halo_fade,
particle,dropbomb_ball_halo_v,magic.particle,2093,,,,CLONE,dropbomb_ball_halo,
particle,dropbomb_ball_halo_v_en,magic.particle,2101,,,,CLONE,dropbomb_ball_halo_v,
particle,dropbomb_ball_halo_fade_v,magic.particle,2108,,,,CLONE,dropbomb_ball_halo_fade,
particle,dropbomb_ball_halo_fade_v_en,magic.particle,2115,,,,CLONE,dropbomb_ball_halo_fade_v,
particle,dropbomb_ball_circle,magic.particle,2120,CIRCLE,TOP_ADD,,,,
particle,dropbomb_ball_circle_en,magic.particle,2139,,,,CLONE,dropbomb_ball_circle,
particle,dropbomb_ball_circle_fade,magic.particle,2144,,TOP_MUL,,CLONE,dropbomb_ball_circle,
particle,dropbomb_ball_circle_fade_en,magic.particle,2154,,,,CLONE,dropbomb_ball_circle_fade,
timeline,dropbomb_prepare_explode,magic.particle,2160,,,_pr;sx;sy;time;tx;ty,SND_SPOS;WAIT,dropbomb_charge_line;dropbomb_charge_line_en;dropbomb_explode_halo;dropbomb_explode_halo_en,
timeline,dropbomb_prepare_explode_eaten,magic.particle,2181,,,sx;sy;time;tx;ty,SND_SPOS;WAIT,dropbomb_charge_line;dropbomb_explode_halo,
particle,dropbomb_explode_halo,magic.particle,2192,HALO,TOP_ADD,,,,
particle,dropbomb_explode_halo_en,magic.particle,2218,,,,CLONE,dropbomb_explode_halo,
timeline,dropbomb_explode,magic.particle,2224,,,_pr;agh;height;sa;sx;sy,DATAS;PVIB;SND,magic_dropbomb_explode_halo;magic_dropbomb_explode_halo_en;magic_dropbomb_firepillar_a;magic_dropbomb_firepillar_a_en;magic_dropbomb_firepillar_s;magic_dropbomb_firepillar_s_en;magic_fireball_explode_add;magic_fireball_explode_add_en;magic_fireball_explode_dust;magic_fireball_explode_dust_en;magic_fireball_explode_sub;magic_fireball_explode_sub_en;shockwave_bomb_t11;shockwave_bomb_t11_en;shockwave_bomb_t23;shockwave_bomb_t23_en,
particle,shockwave_bomb_t11,magic.particle,2256,,,,CLONE,shockwave_pr_horizontal,
particle,shockwave_bomb_t11_en,magic.particle,2262,,,,CLONE;MERGE,__mag_col_en_aff;shockwave_bomb_t11,
particle,shockwave_bomb_t23,magic.particle,2266,,,,CLONE,shockwave_bomb_t11,
particle,shockwave_bomb_t23_en,magic.particle,2271,,,,CLONE;MERGE,__mag_col_en_aff;shockwave_bomb_t23,
particle,magic_dropbomb_explode_halo,magic.particle,2275,,,,CLONE,magic_chantcomp_target_halo_pr,
particle,magic_dropbomb_explode_halo_en,magic.particle,2303,,,,CLONE;MERGE,__mag_col_en_aff;magic_dropbomb_explode_halo,
particle,shockwave_pr_horizontal,magic.particle,2307,,,,CLONE,shockwave_pr_130,
particle,magic_dropbomb_firepillar_a,magic.particle,2320,BLURCIRCLE,TOP_ADD,,,,
particle,magic_dropbomb_firepillar_a_en,magic.particle,2360,,,,CLONE,magic_dropbomb_firepillar_a,
particle,magic_dropbomb_firepillar_s,magic.particle,2367,,TOP_SUB,,CLONE,magic_dropbomb_firepillar_a,
particle,magic_dropbomb_firepillar_s_en,magic.particle,2380,,,,CLONE,magic_dropbomb_firepillar_s,
timeline,reflect_circle,magic.particle,2389,,,agR;cx;cy,PVIB;SND;WAIT,,
particle,reflect_circle,magic.particle,2398,CIRCLE,TOP_ADD,,,,
timeline,magic_thunderbolt_init,magic.particle,2426,,,sx;sy,DATAS;EFT;PVIB;SND;WAIT,magic_thunder_line;magic_thunder_ripple;shockwave_thunder,postPopSummon
particle,shockwave_thunder,magic.particle,2442,,,,CLONE,shockwave_pr_130,
particle,magic_thunder_line,magic.particle,2455,ELEC,ADD,,,,
particle,magic_thunder_ripple,magic.particle,2490,SHOCKRIPPLE_C,,,,,
timeline,magic_thunderbolt_explode,magic.particle,2517,,,__x;__y;_af;_cos;_i;_sin;agR;height;heightb;maxt;sx;sy,DATAS;PVIB;SND;WAIT,magic_thunder_aula;magic_thunder_aula_sml;magic_thunder_aula_sub;magic_thunder_bigline;magic_thunder_bigline_s;magic_thunder_smallline;shockwave_thunder,
particle,magic_thunder_bigline,magic.particle,2550,ELEC_LINE,TOP_ADD,,,,
particle,magic_thunder_bigline_s,magic.particle,2585,,SUB,,CLONE,magic_thunder_bigline,
particle,magic_thunder_smallline,magic.particle,2593,ELEC,TOP_ADD,,,,
particle,magic_thunder_aula,magic.particle,2624,BLURCIRCLE,ADD,,,,
particle,magic_thunder_aula_sub,magic.particle,2651,,SUB,,CLONE,magic_thunder_aula,
particle,magic_thunder_aula_sml,magic.particle,2663,CIRCLE,,,CLONE,magic_thunder_aula,
timeline,magic_thunderbolt_explode_s,magic.particle,2685,,,sx;sy,DATAS;SND,magic_thunder_explode_s_circle;magic_thunder_explode_s_halo;magic_thunder_explode_s_halo_sub,
particle,magic_thunder_explode_s_halo,magic.particle,2693,HALO,ADD,,,,
particle,magic_thunder_explode_s_halo_sub,magic.particle,2720,,SUB,,CLONE,magic_thunder_explode_s_halo,
particle,magic_thunder_explode_s_circle,magic.particle,2736,CIRCLE,,,,,
timeline,powerbomb_prepare,magic.particle,2762,,,maxt;sx;sy,DATAS;EFT;PVIB;QU_VIB;SND;WAIT,powerbomb_prepare_elec;powerbomb_prepare_line,
particle,powerbomb_prepare_elec,magic.particle,2795,ELEC_LINE,TOP_SUB,,,,
particle,powerbomb_prepare_line,magic.particle,2820,LINE,,,CLONE,powerbomb_prepare_elec,
timeline,powerbomb_explode,magic.particle,2836,,,accel_maxt;hold;maxt;sx;sy,DATAS;EF;PVIB;QU_HANDSHAKE;QU_VIB;SND;WAIT,powerbomb_explode_aftcircle;powerbomb_explode_bcircle;powerbomb_explode_elec;powerbomb_explode_elec_s;powerbomb_explode_line;powerbomb_explode_ripple;powerbomb_explode_ripple_s,
particle,powerbomb_explode_elec,magic.particle,2880,ELEC_LINE,TOP_ADD,,,,
particle,powerbomb_explode_elec_s,magic.particle,2903,,TOP_SUB,,CLONE,powerbomb_explode_elec,
particle,powerbomb_explode_line,magic.particle,2910,LINE,TOP_ADD,,,,
particle,powerbomb_explode_ripple,magic.particle,2928,,TOP_ADD,,CLONE,overdrive_growl_ripple,
particle,powerbomb_explode_ripple_s,magic.particle,2938,,TOP_SUB,,CLONE,powerbomb_explode_ripple,
particle,powerbomb_explode_bcircle,magic.particle,2947,BLURCIRCLE,TOP_ADD,,,,
particle,powerbomb_explode_aftcircle,magic.particle,2965,BLURCIRCLE,TOP_ADD,,,,
timeline,itembomb_initialize,magic.particle,2994,,,,SND,,
timeline,itembomb_activate,magic.particle,2998,,,agR;sx;sy,DATAS;SND,itembomb_throw_halo;reflect_circle,
particle,itembomb_throw_halo,magic.particle,3009,,NORMAL,,CLONE,puppy_attack_tackle_halo,
timeline,itembomb_explode_prepare,magic.particle,3021,,,,SND_SPOS,,
timeline,itembomb_explode,magic.particle,3026,,,radius;tx;ty;zr,EF;EFT;QU_SINV;QU_VIB;SND,explode_circle_c_big;explode_circle_c_sml;fox_chaserball_explode_smoke;magic_fireball_explode_add_en;magic_fireball_explode_dust_en;magic_fireball_explode_halo_en;magic_fireball_explode_sub_en;shockwave_ibomb_t30,mg_itembomb_explode_sphere;post_fireball_sphere
particle,shockwave_ibomb_t30,magic.particle,3050,,,,CLONE,shockwave_en_t20,
particle,explode_circle_c_big,magic.particle,3061,BLURCIRCLE,TOP_ADD,,,,
particle,explode_circle_c_sml,magic.particle,3080,,SUB,,CLONE,explode_circle_c_big,
timeline,itembomb_lig_explode,magic.particle,3107,,,radius;tx;ty,EFT;QU_SINV;QU_VIB;SND,itembomb_lig_explode_ball_a0;itembomb_lig_explode_ball_a1;itembomb_lig_explode_halo_a_dot;itembomb_lig_explode_halo_a_dot_line;itembomb_lig_explode_halo_s0;itembomb_lig_explode_halo_s1;itembomb_lig_explode_halo_s_dot_line,post_fireball_sphere
particle,itembomb_lig_explode_halo_s0,magic.particle,3128,HALO,TOP_SUB,,,,
particle,itembomb_lig_explode_halo_s1,magic.particle,3151,HALO,SUB,,,,
particle,itembomb_lig_explode_ball_a0,magic.particle,3176,BLURCIRCLE,ADD,,,,
particle,itembomb_lig_explode_ball_a1,magic.particle,3199,BLURCIRCLE,ADD,,,,
particle,itembomb_lig_explode_halo_a_dot,magic.particle,3228,BLURCIRCLE,ADD,,,,
particle,itembomb_lig_explode_halo_a_dot_line,magic.particle,3255,LINE,ADD,,,,
particle,itembomb_lig_explode_halo_s_dot_line,magic.particle,3279,,SUB,,CLONE,itembomb_lig_explode_halo_a_dot_line,
timeline,flashbang_self_explode,magic.particle,3292,,,t,PE;QU_VIB;SND,,
timeline,itembomb_magic_prepare,magic.particle,3304,,,,SND_SPOS,,
timeline,itembomb_magic_explode,magic.particle,3309,,,_i;dmg_count;dmg_intv;maxt;radius;tx;ty,QU_HANDSHAKE;QU_SINV;QU_VIB;SND;SND_SPOS,itembomb_magic_explode_bcircle_0;itembomb_magic_explode_bcircle_1;itembomb_magic_explode_elec;itembomb_magic_explode_finish_halo;itembomb_magic_explode_init_halo;itembomb_magic_explode_ripple,
particle,itembomb_magic_explode_init_halo,magic.particle,3340,,,,CLONE,magic_chantcomp_target_halo_pr,
particle,itembomb_magic_explode_bcircle_0,magic.particle,3355,BLURCIRCLE,SUB,,,,
particle,itembomb_magic_explode_bcircle_1,magic.particle,3376,BLURCIRCLE,ADD,,,,
particle,itembomb_magic_explode_elec,magic.particle,3397,ELEC,TOP_ADD,,,,
particle,itembomb_magic_explode_ripple,magic.particle,3425,,TOP_ADD,,CLONE,enemy_get_experience_ripple,
particle,itembomb_magic_explode_finish_halo,magic.particle,3444,,TOP_ADD,,CLONE,itembomb_lig_explode_halo_s1,
timeline,hit_en_itembomb_mag,magic.particle,3459,,,hit_x;hit_y,,hit_en_itembomb_mag_halo,
particle,hit_en_itembomb_mag_halo,magic.particle,3463,TOP_ADD,,,CLONE,pr_cane_hit_halo_r,
timeline,webshot_appear,magic.particle,3482,,,agR;sx;sy,CALCAGR;DATAS;WAIT,candleshot_light;webshot_splash_circle,
particle,webshot_splash_circle,magic.particle,3494,,,,CLONE,sponge_shot_splash_circle,
particle,thunderball_shot_elec_a0,magic.particle,3501,POLYGON,TOP,,,,
particle,thunderball_shot_elec_a,magic.particle,3512,ELEC_LINE,ADD,,,,
particle,thunderball_shot_elec_s,magic.particle,3538,,SUB,,CLONE,thunderball_shot_elec_a,
timeline,thunderball_shot_appear,magic.particle,3546,,,sx;sy,DATAS;SND;WAIT,enemy_nattr_splash_thunder_circle;enemy_nattr_thunder_blurcircle;magic_thunder_explode_s_halo;magic_thunder_explode_s_halo_sub,
timeline,thunderball_shot_break,magic.particle,3560,,,agR;sx;sy,DATAS;SND,magic_thunder_explode_s_halo;magic_thunder_explode_s_halo_sub;thunderball_shot_bounce_line,
timeline,thunderball_shot_bounce,magic.particle,3570,,,agR;sx;sy,DATAS;SND,thunderball_shot_bounce_line,
particle,thunderball_shot_bounce_line,magic.particle,3578,LINE,TOP,,,,
timeline,mg_watershard_init,magic.particle,3607,,,_x;_y;id;sx;sy,DATAS;SND,mg_watershard_init_circle,
particle,mg_watershard_init_circle,magic.particle,3620,BLURCIRCLE,TOP_ADD,,,,
particle,mg_watershard_trace_circle,magic.particle,3643,BLURCIRCLE,,,,,
timeline,mg_watershard_hit,magic.particle,3680,,,nosnd,MERGE;SND,magic_hit_to_water,
timeline,mg_watershard_shot_prepare,magic.particle,3690,,,,SND;WAIT,mg_watershard_charge_circle,
particle,mg_watershard_charge_circle,magic.particle,3698,,TOP_ADD,,CLONE,roaper_atk0_charge_circle,
timeline,mg_watershard_shot,magic.particle,3709,,,sa;sx;sxr;sy;syr,DATAS;SND_SPOS;WAIT,mg_watershard_shoot_bright;mg_watershard_shoot_bright_after;mg_watershard_shoot_circle;mg_watershard_shoot_halo;mg_watershard_shoot_halo_s,
particle,mg_watershard_shoot_halo,magic.particle,3730,,TOP_ADD,,CLONE,itembomb_throw_halo,
particle,mg_watershard_shoot_halo_s,magic.particle,3741,,SUB,,CLONE,itembomb_throw_halo,
particle,mg_watershard_shoot_circle,magic.particle,3752,,,,CLONE,reflect_circle,
particle,mg_watershard_shoot_bright,magic.particle,3761,BLURCIRCLE,TOP_ADD,,,,
particle,mg_watershard_shoot_bright_after,magic.particle,3780,,,,CLONE,mg_watershard_shoot_bright,
timeline,magic_recast_pr,magic.particle,3793,,,,SND;WAIT,puzz_box_activate_daia;puzz_box_activate_daia_holding,
timeline,mgblackhole_init,magic.particle,3805,,,delay;sa;sx;sy,DATAS;SND_SPOS;WAIT,mgblackhole_init_circle;mgblackhole_shoot_circle,
particle,mgblackhole_shoot_circle,magic.particle,3817,,,,CLONE,mg_watershard_shoot_circle,
particle,mgblackhole_prepare_elec,magic.particle,3830,,TOP_SUB,,CLONE,powerbomb_prepare_elec,
particle,mgblackhole_init_circle,magic.particle,3842,BLURCIRCLE,ADD,,,,
timeline,mgblackhole_charge,magic.particle,3860,,,sx;sy;time,DATAS;EFT;QU_HANDSHAKE;QU_VIB;SND_SPOS;WAIT,mgblackhole_charge_ripple;mgblackhole_prepare_elec,
particle,mgblackhole_charge_ripple,magic.particle,3875,FRAMERIPPLE,ADD,,,,
timeline,mgblackhole_appear,magic.particle,3899,,,len;time,QU_HANDSHAKE;QU_VIB;SND_SPOS;WAIT,mgblackhole_appear_line;mgblackhole_appear_line_s;mgblackhole_appear_line_start,
particle,mgblackhole_appear_line,magic.particle,3913,,TOP_ADD,,CLONE,magic_shotgun_dot,
particle,mgblackhole_appear_line_start,magic.particle,3932,,SUB,,CLONE,magic_shotgun_dot,
particle,mgblackhole_appear_line_s,magic.particle,3953,,SUB,,CLONE,mgblackhole_appear_line,
particle,mgblackhole_appear_shift_halo,magic.particle,3966,HALO,TOP,,,,
timeline,mgblackhole_end,magic.particle,3991,,,sx;sy,DATAS;SND_SPOS;WAIT,mgblackhole_end_circle;mgblackhole_end_doorline;mgblackhole_end_doorline_b,
particle,mgblackhole_end_circle,magic.particle,4001,BLURPOLYGON,SUB,,,,
particle,mgblackhole_end_doorline,magic.particle,4033,DOORLINE,TOP_ADD,,,,
particle,mgblackhole_end_doorline_b,magic.particle,4059,DOORLINE,TOP_SUB,,,,
timeline,mgblackhole_hit,magic.particle,4086,,,hit_x;hit_y,SND,mgblackhole_hit_circle;mgblackhole_hit_circle_l;mgblackhole_hit_circle_ll;mgblackhole_hit_halo,
particle,mgblackhole_hit_halo,magic.particle,4095,,,,CLONE,pr_hit_stab_halo,
particle,mgblackhole_hit_circle_l,magic.particle,4106,,SUB,,CLONE,pr_hit_stab_circle_l,
particle,mgblackhole_hit_circle_ll,magic.particle,4113,,SUB,,CLONE,pr_hit_stab_circle_ll,
particle,mgblackhole_hit_circle,magic.particle,4120,,ADD,,CLONE,pr_hit_stab_circle,
timeline,mg_watershard_barrier,magic.particle,4129,,,cx;cy,PVIB;SND;WAIT,mg_watershard_barrier_circle_blur;mg_watershard_barrier_circle_blur2;mg_watershard_barrier_line,
particle,mg_watershard_barrier_circle_blur,magic.particle,4138,BLURCIRCLE,TOP_ADD,,,,
particle,mg_watershard_barrier_circle_blur2,magic.particle,4154,BLURPOLYGON,TOP,,,,
particle,mg_watershard_barrier_line,magic.particle,4175,DOORLINE,TOP_ADD,,,,
timeline,flowerycircle_init,magic.particle,4205,,,sx;sy,DATAS;SND,bench_sitdown_line,
timeline,flowerycircle_keep,magic.particle,4215,,,radius;sx;sy,DATAS;SND,flowerycircle_keep_animkira,
timeline,flowerycircle_deactivate,magic.particle,4228,,,radius;sx;sy,DATAS,,
particle,flowerycircle_keep_animkira,magic.particle,4241,ANIMKIRA,TOP,,,,
timeline,flowerycircle_enter,magic.particle,4263,,,cx;cy;enter_first;is_enemy,SND,flowerycircle_enter_circle_en;flowerycircle_enter_circle_en_s;flowerycircle_enter_circle_pr;flowerycircle_enter_line_en,
particle,flowerycircle_enter_circle_pr,magic.particle,4289,BLURCIRCLE,TOP_ADD,,,,
particle,flowerycircle_enter_circle_en,magic.particle,4309,,,,CLONE,flowerycircle_enter_circle_pr,
particle,flowerycircle_enter_line_en,magic.particle,4316,DOORLINE,TOP,,,,
particle,flowerycircle_enter_circle_en_s,magic.particle,4336,BLURCIRCLE,TOP_SUB,,,,
particle,__mag_col_en_a0,magic_basic.particle,2,,,,,,
particle,__mag_col_en_aff,magic_basic.particle,8,,,,,,
particle,__mag_col_en_ared,magic_basic.particle,14,,,,,,
particle,__mag_col_en_s441,magic_basic.particle,20,,,,,,
particle,__mag_col_en_saa,magic_basic.particle,26,,,,,,
particle,magic_chantcomp_circle_pr,magic_basic.particle,33,POLYGON,ADD,,,,
particle,magic_chantcomp_circle_en,magic_basic.particle,72,,,,CLONE;MERGE,__mag_col_en_aff;magic_chantcomp_circle_pr,
particle,magic_chantcomp_circle_dust_0_pr,magic_basic.particle,76,,,,CLONE,magic_chantcomp_circle_pr,
particle,magic_chantcomp_circle_dust_1_pr,magic_basic.particle,98,,,,CLONE,magic_chantcomp_circle_dust_0_pr,
particle,magic_chantcomp_circle_dust_2_pr,magic_basic.particle,107,,,,CLONE,magic_chantcomp_circle_dust_1_pr,
particle,magic_chantcomp_circle_dust_0_en,magic_basic.particle,116,,,,CLONE;MERGE,__mag_col_en_aff;magic_chantcomp_circle_dust_0_pr,
particle,magic_chantcomp_circle_dust_1_en,magic_basic.particle,119,,,,CLONE;MERGE,__mag_col_en_aff;magic_chantcomp_circle_dust_1_pr,
particle,magic_chantcomp_circle_dust_2_en,magic_basic.particle,122,,,,CLONE;MERGE,__mag_col_en_aff;magic_chantcomp_circle_dust_2_pr,
particle,magic_chantcomp_target_sub_pr,magic_basic.particle,129,BLURCIRCLE,SUB,,,,
particle,magic_chantcomp_target_sub_en,magic_basic.particle,150,,,,CLONE;MERGE,__mag_col_en_saa;magic_chantcomp_target_sub_pr,
particle,magic_chantcomp_target_add_pr,magic_basic.particle,154,,ADD,,CLONE,magic_chantcomp_target_sub_pr,
particle,magic_chantcomp_target_add_en,magic_basic.particle,168,,,,CLONE;MERGE,__mag_col_en_aff;magic_chantcomp_target_add_pr,
particle,magic_chantcomp_target_halo_pr,magic_basic.particle,172,HALO,ADD,,,,
particle,magic_chantcomp_target_halo_en,magic_basic.particle,197,,,,CLONE;MERGE,__mag_col_en_aff;magic_chantcomp_target_halo_pr,
timeline,break_weed,mana.particle,1,,,_agR;_dx;_playsnd;hit_x;hit_y;weed_x;weed_y;x;y,,break_mana_weed;break_mana_weed_halo,
timeline,appear_weed,mana.particle,13,,,x;y,,appear_mana_weed;appear_mana_weed_halo,
particle,break_mana_weed,mana.particle,19,POLYGON,NORMAL,,,,
particle,break_mana_weed_halo,mana.particle,53,BLURPOLYGON,NORMAL,,,,
particle,appear_mana_weed,mana.particle,94,DOT,NORMAL,,,,
particle,appear_mana_weed_halo,mana.particle,120,,,,CLONE,break_mana_weed_halo,
timeline,mana_get_pr,mana.particle,130,,,centerpr;mx;my,SND,mana_get_pr_daia;mana_get_pr_dot,
timeline,mana_get_en,mana.particle,145,,,mx;my,SND,mana_get_en_daia;mana_get_en_dot,
particle,mana_get_pr_dot,mana.particle,154,DOT,ADD,,,,
particle,mana_get_pr_daia,mana.particle,177,POLYGON,ADD,,,,
particle,mana_get_en_daia,mana.particle,196,,,,CLONE,mana_get_pr_daia,
particle,mana_get_en_dot,mana.particle,203,,,,CLONE,mana_get_pr_dot,
timeline,dojo_rpc_appear,mgm_dojo.particle,1,,,cx;cy,,dojo_rpc_appear_smoke,
particle,dojo_rpc_appear_smoke,mgm_dojo.particle,6,SMOKE_L,TOP,,,,
timeline,dojo_hit_success,mgm_dojo.particle,37,,,cx;cy;pr;type,,dojo_hit_success_circle_en,
particle,dojo_hit_success_circle_en,mgm_dojo.particle,49,CIRCLE,TOP,,,,
particle,dojo_hit_success_circle_0,mgm_dojo.particle,66,,,,CLONE,dojo_hit_success_circle_en,
particle,dojo_hit_success_circle_1,mgm_dojo.particle,72,,,,CLONE,dojo_hit_success_circle_en,
particle,dojo_hit_success_circle_2,mgm_dojo.particle,78,,,,CLONE,dojo_hit_success_circle_en,
particle,dojo_hit_success_poly_en0,mgm_dojo.particle,85,POLYGON,TOP,,,,
particle,dojo_hit_success_poly_en1,mgm_dojo.particle,109,,,,CLONE,dojo_hit_success_poly_en0,
particle,dojo_hit_success_poly_en2,mgm_dojo.particle,115,,,,CLONE,dojo_hit_success_poly_en0,
particle,dojo_hit_success_poly_pr0,mgm_dojo.particle,123,,,,CLONE,dojo_hit_success_poly_en0,
particle,dojo_hit_success_poly_pr1,mgm_dojo.particle,130,,,,CLONE,dojo_hit_success_poly_en1,
particle,dojo_hit_success_poly_pr2,mgm_dojo.particle,137,,,,CLONE,dojo_hit_success_poly_en2,
particle,dojo_hk_appear,mgm_dojo.particle,146,CIRCLE,,,,,
timeline,dojo_addc_crack,mgm_dojo.particle,164,,,cx;cy;pr,SND,dojo_break_crack_dline,
timeline,dojo_break_crack,mgm_dojo.particle,172,,,cx;cy,SND,dojo_break_crack_circle;dojo_break_crack_circle0;dojo_break_crack_dline,
particle,dojo_break_crack_circle0,mgm_dojo.particle,180,CIRCLE,TOP,,,,
particle,dojo_break_crack_dline,mgm_dojo.particle,190,DOORLINE,TOP,,,,
timeline,dojo_cure0,mgm_dojo.particle,216,,,cx;cy,SND,dojo_cure0_line,
particle,dojo_cure0_line,mgm_dojo.particle,223,LINE,TOP,,,,
timeline,dojo_cure1,mgm_dojo.particle,241,,,cx;cy,,dojo_cure1_circle;dojo_cure1_circle_t,
particle,dojo_cure1_circle,mgm_dojo.particle,246,CIRCLE,TOP,,,,
particle,dojo_break_crack_circle,mgm_dojo.particle,260,,,,CLONE,dojo_cure1_circle,
particle,dojo_cure1_circle_t,mgm_dojo.particle,267,CIRCLE,,,CLONE,dojo_cure1_circle,
timeline,dojo_loseb0,mgm_dojo.particle,277,,,,SND;WAIT,,
particle,dojo_rotate_eye0,mgm_dojo.particle,288,,TOP,,CLONE,mgolem_od_rotate_eye,
particle,dojo_rotate_eye1,mgm_dojo.particle,296,,,,CLONE,dojo_rotate_eye0,
particle,dojo_rotate_eye2,mgm_dojo.particle,303,,,,CLONE,dojo_rotate_eye0,
particle,dojo_loseg_piece,mgm_dojo.particle,311,NOEL_BREAK_CLOTH,,,,,
timeline,dojo_wing,mgm_dojo.particle,351,,,agR;i;meshy,SND,boss_killed_explode_circle;boss_killed_explode_ripple,
particle,fis_surface_ripple,mgm_fish.particle,1,CIRCLE,,,,,
particle,fish_catcher_oncatcher,mgm_fish.particle,17,BLURCIRCLE,,,,,
timeline,fis_punch_success,mgm_fish.particle,39,,,,FOLLOW;SND;WAIT,,
particle,fis_punch_success,mgm_fish.particle,46,CIRCLE,TOP,,,,
timeline,fish_lure_onwater,mgm_fish.particle,67,,,cx,SND,,
timeline,fish_lure_dive,mgm_fish.particle,74,,,cx;cy,SND,fish_lure_dive_circle,
particle,fish_lure_dive_circle,mgm_fish.particle,80,CIRCLE,TOP,,,,
timeline,fish_lure_back,mgm_fish.particle,102,,,cx,SND,,
timeline,fish_lure_escaped,mgm_fish.particle,108,,,cx,SND;WAIT,,
timeline,fish_gyotaku_result_star,mgm_fish.particle,116,,,cx;cy,,,
particle,fish_gyotaku_result_star,mgm_fish.particle,122,HALO,TOP_ADD,,,,
timeline,fishing_eat_feed,mgm_fish.particle,156,,,cx;cy,SND,fishing_eat_feed_dot,
particle,fishing_eat_feed_dot,mgm_fish.particle,162,,,,CLONE,fish_lure_dive_circle,
timeline,fishing_maxscore_broken,mgm_fish.particle,174,,,cx;cy,SND,fishing_break_star_dot,
particle,fishing_break_star_dot,mgm_fish.particle,180,,TOP,,CLONE,fishing_eat_feed_dot,
timeline,fishpond_surface_bubble,mgm_fish.particle,191,,,cx;cy;saf,SND;WAIT,,
particle,fishpond_surface_bubble,mgm_fish.particle,201,BUBBLE_SURFACE,,,,,
timeline,puzzle_switch_activate,puzzle.particle,1,,,agR;col;x;y,EFT;SND,,postHamonMagic
particle,__puzzle_col0,puzzle.particle,12,,TOP_ADD,,,,
particle,__puzzle_col1,puzzle.particle,17,,TOP_ADD,,,,
particle,__puzzle_col2,puzzle.particle,22,,TOP_ADD,,,,
particle,__puzzle_col3,puzzle.particle,27,,TOP_ADD,,,,
particle,__puzzle_col4,puzzle.particle,32,,TOP_ADD,,,,
particle,puzzle_switch_activate_doorline_c0,puzzle.particle,38,DOORLINE,,,MERGE,__puzzle_col0,
particle,puzzle_switch_activate_doorline_c1,puzzle.particle,61,,,,CLONE;MERGE,__puzzle_col1;puzzle_switch_activate_doorline_c0,
particle,puzzle_switch_activate_doorline_c2,puzzle.particle,64,,,,CLONE;MERGE,__puzzle_col2;puzzle_switch_activate_doorline_c0,
particle,puzzle_switch_activate_doorline_c3,puzzle.particle,67,,,,CLONE;MERGE,__puzzle_col3;puzzle_switch_activate_doorline_c0,
particle,puzzle_switch_activate_doorline_c4,puzzle.particle,70,,,,CLONE;MERGE,__puzzle_col4;puzzle_switch_activate_doorline_c0,
particle,puzzle_switch_activate_smoke_c0,puzzle.particle,75,DOORLINE,,,MERGE,__puzzle_col0,
particle,puzzle_switch_activate_smoke_c1,puzzle.particle,91,,,,CLONE;MERGE,__puzzle_col1;puzzle_switch_activate_smoke_c0,
particle,puzzle_switch_activate_smoke_c2,puzzle.particle,94,,,,CLONE;MERGE,__puzzle_col2;puzzle_switch_activate_smoke_c0,
particle,puzzle_switch_activate_smoke_c3,puzzle.particle,97,,,,CLONE;MERGE,__puzzle_col3;puzzle_switch_activate_smoke_c0,
particle,puzzle_switch_activate_smoke_c4,puzzle.particle,100,,,,CLONE;MERGE,__puzzle_col4;puzzle_switch_activate_smoke_c0,
particle,puzzle_switch_activate_kira_c0,puzzle.particle,104,KIRA,,,MERGE,__puzzle_col0,
particle,puzzle_switch_activate_kira_c1,puzzle.particle,121,,,,CLONE;MERGE,__puzzle_col1;puzzle_switch_activate_kira_c0,
particle,puzzle_switch_activate_kira_c2,puzzle.particle,124,,,,CLONE;MERGE,__puzzle_col2;puzzle_switch_activate_kira_c0,
particle,puzzle_switch_activate_kira_c3,puzzle.particle,127,,,,CLONE;MERGE,__puzzle_col3;puzzle_switch_activate_kira_c0,
particle,puzzle_switch_activate_kira_c4,puzzle.particle,130,,,,CLONE;MERGE,__puzzle_col4;puzzle_switch_activate_kira_c0,
timeline,puzzle_switch_deactivate,puzzle.particle,134,,,agR;col;x;y,EFT;SND,,postHamonMagic
particle,puzzle_switch_close_line_c0,puzzle.particle,142,LINE,,,MERGE,__puzzle_col0,
particle,puzzle_switch_close_line_c1,puzzle.particle,167,,,,CLONE;MERGE,__puzzle_col1;puzzle_switch_close_line_c0,
particle,puzzle_switch_close_line_c2,puzzle.particle,170,,,,CLONE;MERGE,__puzzle_col2;puzzle_switch_close_line_c0,
particle,puzzle_switch_close_line_c3,puzzle.particle,173,,,,CLONE;MERGE,__puzzle_col3;puzzle_switch_close_line_c0,
particle,puzzle_switch_close_line_c4,puzzle.particle,177,,,,CLONE;MERGE,__puzzle_col4;puzzle_switch_close_line_c0,
timeline,puzzle_connector_activate,puzzle.particle,182,,,col;x;y,,,
particle,puzzle_connector_activate_daia_c0,puzzle.particle,189,POLYGON,,,MERGE,__puzzle_col0,
particle,puzzle_connector_activate_daia_c1,puzzle.particle,205,,,,CLONE;MERGE,__puzzle_col1;puzzle_connector_activate_daia_c0,
particle,puzzle_connector_activate_daia_c2,puzzle.particle,208,,,,CLONE;MERGE,__puzzle_col2;puzzle_connector_activate_daia_c0,
particle,puzzle_connector_activate_daia_c3,puzzle.particle,211,,,,CLONE;MERGE,__puzzle_col3;puzzle_connector_activate_daia_c0,
particle,puzzle_connector_activate_daia_c4,puzzle.particle,214,,,,CLONE;MERGE,__puzzle_col4;puzzle_connector_activate_daia_c0,
timeline,puzzle_lit_activate,puzzle.particle,218,,,x;y,,puzzle_lit_activate_aula,
timeline,puzzle_lit_deactivate,puzzle.particle,222,,,x;y,,puzzle_lit_deactivate_aula,
particle,puzzle_lit_activate_aula,puzzle.particle,228,BLURCIRCLE,TOP_ADD,,,,
particle,puzzle_lit_deactivate_aula,puzzle.particle,266,,,,CLONE,puzzle_lit_activate_aula,
particle,puzzle_lit_star,puzzle.particle,276,BLURCIRCLE,TOP_ADD,,,,
timeline,puzzle_connector_deactivate,puzzle.particle,314,,,col;x;y,,,
particle,puzzle_connector_deactivate_daia_c0,puzzle.particle,320,DAIA,,,MERGE,__puzzle_col0,
particle,puzzle_connector_deactivate_daia_c1,puzzle.particle,345,,,,CLONE;MERGE,__puzzle_col1;puzzle_connector_deactivate_daia_c0,
particle,puzzle_connector_deactivate_daia_c2,puzzle.particle,348,,,,CLONE;MERGE,__puzzle_col2;puzzle_connector_deactivate_daia_c0,
particle,puzzle_connector_deactivate_daia_c3,puzzle.particle,351,,,,CLONE;MERGE,__puzzle_col3;puzzle_connector_deactivate_daia_c0,
particle,puzzle_connector_deactivate_daia_c4,puzzle.particle,355,,,,CLONE;MERGE,__puzzle_col4;puzzle_connector_deactivate_daia_c0,
timeline,puzzle_barrier_activate,puzzle.particle,360,,,_i,SND,puzzle_barrier_daia,
particle,puzzle_barrier_daia,puzzle.particle,375,POLYGON,TOP_ADD,,,,
timeline,puzzle_barrier_deactivate,puzzle.particle,404,,,,SND,,
particle,map_thunder_shooter,puzzle.particle,411,ELEC,ADD,,,,
particle,map_thunder_shooter_moving,puzzle.particle,452,,,,CLONE,map_thunder_shooter,
particle,map_thunder_foot,puzzle.particle,459,LINE,ADD,,,,
particle,map_thunder_foot_c,puzzle.particle,489,BLURPOLYGON,ADD,,,,
particle,map_thunder_head_c,puzzle.particle,512,,,,CLONE,map_thunder_foot_c,
timeline,warp_portal_open,puzzle.particle,526,,,x;y,SND,,
timeline,warp_portal_open2,puzzle.particle,530,,,x;y,,warp_portal_open_door,
timeline,warp_portal_close,puzzle.particle,535,,,x;y,SND,,
timeline,puzz_warp_execute,puzzle.particle,540,,,dx;dy;sx;sy,SND,warp_execute_circle,
particle,warp_portal_open_door,puzzle.particle,548,DOORLINE,,,,,
particle,puzz_warp_star,puzzle.particle,583,KIRA,TOP_ADD,,,,
particle,warp_execute_circle,puzzle.particle,603,CIRCLE,TOP_ADD,,,,
timeline,puzz_barrier_lit_snapped,puzzle.particle,628,,,x;y,SND,puzz_barrier_lit_snapped_door,
particle,puzz_barrier_lit_snapped_door,puzzle.particle,634,DOORLINE,TOP,,,,
timeline,checkpoint_registered_bonfire,puzzle.particle,663,,,x;y,SND,,
particle,checkpoint_registered_bonfire,puzzle.particle,669,,,,CLONE,puzz_barrier_lit_snapped_door,
timeline,checkpoint_registered_glacier,puzzle.particle,675,,,x;y,SND,,
particle,checkpoint_registered_glacier,puzzle.particle,681,,,,CLONE,puzz_barrier_lit_snapped_door,
timeline,matoate_appeared,puzzle.particle,692,,,cx;cy,SND,matoate_appear_smoke,
particle,matoate_appear_smoke,puzzle.particle,698,SMOKE_L,TOP,,,,
timeline,matoate_defeated,puzzle.particle,716,,,cx;cy,SND,matoate_appear_smoke;matoate_defeated_dot,
particle,matoate_defeated_dot,puzzle.particle,724,POLYGON,TOP,,,,
timeline,matoate_disappeared,puzzle.particle,754,,,cx;cy,SND,matoate_disappear_doorline,
particle,matoate_disappear_doorline,puzzle.particle,761,,TOP,,CLONE,puzzle_switch_activate_doorline_c0,
timeline,matoate_complete,puzzle.particle,771,,,cx;cy;difx;dify,SND,matoate_complete_unikira,
particle,matoate_complete_unikira,puzzle.particle,778,HALO,TOP_ADD,,,,
timeline,hourglass_activate,puzzle.particle,802,,,cx;cy;rot_t,SND;WAIT,hourglass_activate_smoke,
particle,hourglass_activate_smoke,puzzle.particle,811,SMOKE_L,,,,,
timeline,breakable_fire_burn_start,puzzle.particle,834,,,h;w;x;y,SND,breakable_fire_burn_start_circle,
particle,breakable_fire_burn_start_circle,puzzle.particle,841,,,,CLONE,cp_bonfire_light,
timeline,breakable_fire_burn_end,puzzle.particle,852,,,h;w;x;y,SND,breakable_fire_burn_end_smoke,
particle,breakable_fire_burn_end_smoke,puzzle.particle,859,SMOKE_L,,,,,
timeline,water_slicer_activated,puzzle.particle,880,,,,QU_VIB;SND,,
timeline,puzz_ground_bump,puzzle.particle,889,,,agR;cx;cy,SND,puzz_bump_smoke,
particle,puzz_bump_smoke,puzzle.particle,897,,,,CLONE,ground_bump_smoke_l,
timeline,puzz_box_activate_once_base,puzzle.particle,907,,,cx;cy,SND,puzz_box_activate_daia,
timeline,puzz_box_activate_once,puzzle.particle,915,,,cx;cy,MERGE;WAIT,puzz_box_activate_daia_holding;puzz_box_activate_once_base,
timeline,puzz_box_activate,puzzle.particle,921,,,cx;cy,MERGE;WAIT,puzz_box_activate_daia_holding;puzz_box_activate_once_base,
timeline,puzz_box_activate_eye,puzzle.particle,930,,,cx;cy,,puzz_box_activate_daia,
particle,puzz_box_activate_daia,puzzle.particle,936,POLYGON,TOP_ADD,,,,
particle,puzz_box_activate_daia_holding,puzzle.particle,953,POLYGON,TOP_ADD,,,,
timeline,puzz_box_deactivate,puzzle.particle,970,,,cx;cy,SND;WAIT,puzz_box_deactivate_daia2,
particle,puzz_box_deactivate_daia,puzzle.particle,978,,,,CLONE,magic_circle_close_daia_pr,
particle,puzz_box_deactivate_daia2,puzzle.particle,987,,,,CLONE,magic_circle_close_daia2_pr,
timeline,puzz_foot_switch_on,puzzle.particle,1001,,,agR;cx;cy,SND,puzz_foot_switch_activate;puzz_foot_switch_activate_thin,
particle,puzz_foot_switch_activate,puzzle.particle,1009,LINE,TOP,,,,
particle,puzz_foot_switch_activate_thin,puzzle.particle,1042,,,,CLONE,puzz_foot_switch_activate,
timeline,puzz_foot_switch_off,puzzle.particle,1058,,,agR;cx;cy,SND,puzz_foot_switch_off_dot;puzz_foot_switch_off_t,
particle,puzz_foot_switch_off_t,puzzle.particle,1067,HHEMICIRCLE,,,CLONE,general_circle_t,
particle,puzz_foot_switch_off_dot,puzzle.particle,1075,POLYGON,TOP,,,,
timeline,puzz_box_revert,puzzle.particle,1100,,,cx;cy,,puzz_box_revert_circle,
particle,puzz_box_revert_circle,puzzle.particle,1106,BOMBCIRCLE,TOP,,,,
timeline,puzz_hamehame_aula,puzzle.particle,1126,,,cx;cy;fromme;fullfilled,SND,puzz_hamehame_aula_kira;puzz_hamehame_aula_line;puzz_hamehame_aula_rect,
timeline,puzz_hamehame_aula_hold,puzzle.particle,1145,,,cx;cy,,puzz_hamehame_aula_kira,
particle,puzz_hamehame_aula_kira,puzzle.particle,1150,ANIMKIRA,TOP,,,,
particle,puzz_hamehame_aula_line,puzzle.particle,1176,DOORLINE,TOP,,,,
particle,puzz_hamehame_aula_rect,puzzle.particle,1196,POLYGON,TOP,,,,
timeline,puzz_hamehame_finished,puzzle.particle,1217,,,_saf;cx;cy;fromme,SND,puzz_hamehame_finished_halo,
timeline,puzz_hamehame_filled_monitor,puzzle.particle,1228,,,cx;cy,,puzz_hamehame_finished_halo,
particle,puzz_hamehame_finished_halo,puzzle.particle,1234,POLYGON,TOP,,,,
particle,trm_aloma_diffuser_smoke,puzzle.particle,1259,,,,CLONE,cp_alchemy_pot_smoke,
timeline,jumper_spring_charge,puzzle.particle,1278,,,cx;cy,SND,,
timeline,jumper_spring_pump,puzzle.particle,1282,,,cx;cy,SND,,
timeline,puzz_libra_monitor_success,puzzle.particle,1289,,,cx;cy,SND,puzz_hamehame_aula_line;puzz_hamehame_aula_rect,
timeline,puzz_libra_monitor_failed,puzzle.particle,1298,,,cx;cy,SND,,
timeline,process_ser_burned,ser.particle,1,,,hipx;hipy,CALC_HIP_POS;WAIT,burned_pr_light;burned_pr_smoke;burned_pr_smoke_w,
timeline,process_ser_burned_en,ser.particle,11,,,cx;cy,WAIT,burned_pr_light;burned_pr_smoke,
particle,burned_pr_light,ser.particle,23,,TOP_ADD,,CLONE,cp_bonfire_light,
particle,burned_pr_smoke,ser.particle,40,,,,CLONE,cp_bonfire_smoke,
particle,burned_pr_smoke_w,ser.particle,59,,,,CLONE,cp_bonfire_smoke,
timeline,process_ser_burned_point,ser.particle,79,,,hipx;hipy,CALC_HIP_POS,burned_pr_light_point;burned_pr_smoke_point;burned_pr_smoke_w_point,
particle,burned_pr_light_point,ser.particle,86,,,,CLONE,burned_pr_light,
particle,burned_pr_smoke_point,ser.particle,95,,,,CLONE,burned_pr_smoke,
particle,burned_pr_smoke_w_point,ser.particle,104,,,,CLONE,burned_pr_smoke_w,
timeline,slipdamage_fire,ser.particle,112,,,cx;cy,SND,burned_pr_small_halo;burned_pr_small_halo_s;burned_pr_smoke,
particle,burned_pr_small_halo,ser.particle,121,HALO,TOP_ADD,,,,
particle,burned_pr_small_halo_s,ser.particle,144,,TOP_SUB,,CLONE,burned_pr_small_halo,
timeline,process_ser_confuse,ser.particle,155,,,,TE_COLORBLINK;WAIT,prser_confuse,
particle,prser_confuse,ser.particle,165,CONFUSING,,,,,
timeline,process_ser_sleep,ser.particle,204,,,,TE_COLORBLINK;WAIT,prser_sleep,
particle,prser_sleep,ser.particle,213,SLEEPING_Z,,,CLONE,prser_confuse,
timeline,process_ser_paralysis,ser.particle,226,,,,TE_COLORBLINK;WAIT,prser_paralysis,
particle,prser_paralysis,ser.particle,235,ELEC,TOP_ADD,,,,
timeline,ser_awake,ser.particle,268,,,cx;cy;z,EF;SND;WAIT,,
timeline,frozen_gacha,ser.particle,275,,,cx;cy,SND,frozen_gacha_dot;frozen_gacha_line,
particle,frozen_gacha_dot,ser.particle,282,,TOP,,CLONE,machine_die_smoke_red_bit,
particle,frozen_gacha_line,ser.particle,294,DOORLINE,TOP,,,,
timeline,process_ser_frozen,ser.particle,312,,,cx;cxs;cy;cys,MYPOS;MYPOS_SHAKE;TE_COLORBLINK;WAIT,process_ser_frozen_kira;process_ser_frozen_smoke,
particle,process_ser_frozen_smoke,ser.particle,326,SMOKE_L,ADD,,,,
particle,process_ser_frozen_kira,ser.particle,350,DAIA,TOP,,,,
timeline,frozen_init,ser.particle,368,,,cx;cy;level,SND,process_ser_frozen_smoke,
timeline,frozen_quit,ser.particle,374,,,cx;cy,SND,frozen_gacha_dot;frozen_quit_line;frozen_quit_line_R,
particle,frozen_quit_line,ser.particle,383,DOORLINE,TOP,,,,
particle,frozen_quit_line_R,ser.particle,411,,,,CLONE,frozen_quit_line,
timeline,frozen_apply_physic_damage,ser.particle,418,,,cx;cxs;cy;cys,MYPOS_SHAKE;SND,frozen_gacha_crack;frozen_gacha_crack_b;frozen_gacha_dot;frozen_gacha_line,
particle,frozen_gacha_crack,ser.particle,429,ELEC_LINE,TOP_ADD,,,,
particle,frozen_gacha_crack_b,ser.particle,450,,TOP_SUB,,CLONE,frozen_gacha_crack,
timeline,pr_web_trapped,ser.particle,460,,,by;cx;cy,DRO;MYPOS;SND;WAIT,pr_web_trapped_circle;webshot_doorline_l,
particle,pr_web_trapped_circle,ser.particle,475,CIRCLE,TOP,,,,
timeline,pr_web_trapped_struggle,ser.particle,503,,,by;cx,SND;TE_QU_SINH;TE_QU_VIB,pr_web_trapped_circle;webshot_doorline,
particle,pr_web_trapped_circle_l,ser.particle,516,,,,CLONE,pr_web_trapped_circle,
timeline,ser_web_trapped_quit,ser.particle,524,,,cx;cy,SND,webshot_doorline;webshot_doorline_l,
timeline,stone_apply_physic_damage,ser.particle,535,,,bodyagR;cx;cy,CALC_BODY_AGR;SND,stone_gacha_dot;stone_gacha_smoke,
particle,stone_gacha_dot,ser.particle,544,,TOP,,CLONE,machine_die_smoke_red_bit,
particle,stone_gacha_smoke,ser.particle,555,SMOKE_L,TOP,,,,
timeline,stone_ser_gacha,ser.particle,585,,,bodyagR;cx;cy,CALC_BODY_AGR;SND,stone_gacha_dot;stone_gacha_smoke,
timeline,stone_ser_init_nosnd,ser.particle,596,,,bodyagR;cx;cy,CALC_BODY_AGR,stone_gacha_smoke,
timeline,stone_ser_init,ser.particle,601,,,,MERGE;SND,stone_ser_init_nosnd,
timeline,stone_ser_finish,ser.particle,606,,,bodyagR;cx;cy,CALC_BODY_AGR;DRO;SND,stone_gacha_dot;stone_gacha_smoke,
timeline,stone_ser_crack,ser.particle,617,,,,EFT;QU_VIB;SND,,stone_crack
timeline,stone_ser_complete,ser.particle,623,,,,EFT;MERGE;QU_HANDSHAKE;QU_VIB;SND,stone_ser_init_nosnd,stone_crack
timeline,cc_ep_tension0,ser.particle,639,,,cx;cy,MYPOS;WAIT,cc_ep_tension0_smoke;cc_ep_tension0_smoke_w,
timeline,cc_ep_tension1,ser.particle,652,,,hipx;hipy,CALC_HIP_POS;DRO;WAIT,,
particle,cc_ep_tension0_smoke,ser.particle,662,SMOKE_L,TOP,,,,
particle,cc_ep_tension0_smoke_w,ser.particle,692,,NORMAL,,CLONE,cc_ep_tension0_smoke,
timeline,cc_ep_tension_orgasm,ser.particle,704,,,cx;cy;hipx;hipy,CALC_HIP_POS;DRO;SND;WAIT,cc_ep_tension_orgasm_smoke,
particle,cc_ep_tension_orgasm_smoke,ser.particle,720,,,,CLONE,cc_ep_tension0_smoke,
timeline,process_ser_poison,ser.particle,738,,,,TE_COLORBLINK;WAIT,process_ser_poison_circle;process_ser_poison_circle_s,
particle,process_ser_poison_circle,ser.particle,749,SMOKE,TOP,,,,
particle,process_ser_poison_circle_s,ser.particle,773,,MUL,,CLONE,process_ser_poison_circle,
timeline,ser_attackup_init,ser.particle,781,,,cx;cy,SND;WAIT,ser_updown_arrow;ser_updown_arrow_s;ser_updown_circle,
timeline,ser_defenceup_init,ser.particle,790,,,cx;cy,SND;WAIT,ser_updown_arrow;ser_updown_arrow_s;ser_updown_circle,
timeline,ser_attackdown_init,ser.particle,799,,,cx;cy,SND;WAIT,ser_updown_arrow_down;ser_updown_arrow_s,
timeline,ser_defencedown_init,ser.particle,807,,,cx;cy,SND;WAIT,ser_updown_arrow_down;ser_updown_arrow_s,
particle,ser_updown_circle,ser.particle,814,,,,CLONE,roaper_atk0_charge_circle,
particle,ser_updown_arrow,ser.particle,829,GT,TOP,,,,
particle,ser_updown_arrow_down,ser.particle,858,,,,CLONE,ser_updown_arrow,
particle,ser_updown_arrow_s,ser.particle,866,,TOP_SUB,,CLONE,ser_updown_arrow,
timeline,ser_attackup_loop,ser.particle,876,,,_ptckey;cx;cy;sizex;sizey,MYPOS;SIZE;WAIT,,
timeline,ser_defenceup_loop,ser.particle,887,,,,,,
timeline,ser_attackdown_loop,ser.particle,894,,,,,,
timeline,ser_defencedown_loop,ser.particle,900,,,,,,
particle,enemy_get_experience_arrow_down,ser.particle,907,,,,CLONE,enemy_get_experience_arrow,
particle,enemy_get_experience_def_arrow_down,ser.particle,913,,,,CLONE,enemy_get_experience_def_arrow,
timeline,ui_dmg_normal,ui.particle,2,,,__x;__y;_rand_rot;_rand_y;cnt;hp_ratio;saf,,ui_hit_blood;ui_hit_dust;ui_hit_halo;ui_hit_halo_l,
timeline,ui_dmg_absorb,ui.particle,30,,,__rot;__x;__x2;__y;mp_ratio;x0;y0,,ui_absorb_darken;ui_absorb_kiss;ui_hit_absorb;ui_hit_blood,
timeline,ui_plant_egg,ui.particle,54,,,,WAIT,ui_plant_egg_circle;ui_plant_egg_line,
timeline,ui_laying_egg,ui.particle,62,,,count,WAIT,ui_laying_egg_circle,
particle,ui_absorb_kiss,ui.particle,69,KISS,TOP,,,,
particle,ui_absorb_darken,ui.particle,98,CIRCLE,TOP_SUB,,,,
particle,ui_hit_absorb,ui.particle,123,,TOP,,CLONE,absorb_atk_basic,
particle,ui_hit_absorb_circle,ui.particle,142,POLYGON,TOP_SUB,,,,
particle,ui_hit_blood,ui.particle,186,DOT,TOP,,,,
particle,ui_hit_halo,ui.particle,220,HALO,TOP,,,,
particle,ui_hit_halo_l,ui.particle,256,,TOP_MUL,,CLONE,ui_hit_halo,
particle,ui_hit_dust,ui.particle,270,LINE,TOP,,,,
timeline,ui_dmg_worm,ui.particle,306,,,__x;__y;cnt0;cnt1;cnt2;mp_ratio,,ui_hit_blood;ui_hit_worm;ui_hit_worm2;ui_hit_worm_b,
particle,ui_hit_worm,ui.particle,325,BLURCIRCLE,TOP_MUL,,,,
particle,ui_hit_worm2,ui.particle,373,,,,CLONE,ui_hit_worm,
particle,ui_hit_worm_b,ui.particle,385,,,,CLONE,ui_hit_worm,
timeline,ui_dmg_wetten,ui.particle,401,,,pee,,ui_wetten_splash;ui_wetten_splash_yellow,
particle,ui_wetten_splash,ui.particle,410,PARTICLE_SPLASH,TOP,,,,
particle,ui_wetten_splash_yellow,ui.particle,445,,,,CLONE,ui_wetten_splash,
timeline,ui_dmg_stone,ui.particle,463,,,,,ui_ser_stone_smoke,
timeline,ui_dmg_absorb_catched,ui.particle,468,,,__x;__y;__z,,ui_absorb_darken;ui_absorb_darken_b,
particle,ui_absorb_darken,ui.particle,480,PARTICLE_SPLASH,TOP_MUL,,,,
particle,ui_absorb_darken_b,ui.particle,510,,MUL,,CLONE,ui_absorb_darken,
timeline,ui_dmg_stab,ui.particle,520,,,x0;y0,WAIT,ui_hit_stab_circle;ui_hit_stab_circle_l;ui_hit_stab_circle_ll;ui_hit_stab_halo,
particle,ui_hit_stab_circle_l,ui.particle,533,,,,CLONE,pr_hit_stab_circle_l,
particle,ui_hit_stab_circle_ll,ui.particle,547,,,,CLONE,pr_hit_stab_circle_ll,
particle,ui_hit_stab_halo,ui.particle,554,,,,CLONE,pr_hit_stab_halo,
particle,ui_hit_stab_circle,ui.particle,565,,MUL,,CLONE,pr_hit_stab_circle,
timeline,ui_dmg_wip,ui.particle,577,,,rot_agR;x0;y0,,ui_hit_wip;ui_hit_wip_a;ui_hit_wip_circle,
particle,ui_hit_wip,ui.particle,587,,,,CLONE,pr_hit_wip,
particle,ui_hit_wip_a,ui.particle,596,,,,CLONE,pr_hit_wip_a,
particle,ui_hit_wip_circle,ui.particle,604,,,,CLONE,pr_hit_wip_circle,
timeline,ui_dmg_grab,ui.particle,621,,,rot_agR;x0;y0,,ui_hit_grab;ui_hit_grab_circle,
particle,ui_hit_grab,ui.particle,629,,TOP_MUL,,CLONE,pr_hit_grab,
particle,ui_hit_grab_circle,ui.particle,643,,TOP_ADD,,CLONE,pr_hit_grab_circle,
timeline,ui_noel_break_cloth,ui.particle,667,,,x;y,,ui_noel_break_cloth_2,
particle,ui_noel_break_cloth,ui.particle,674,NOEL_BREAK_CLOTH,TOP,,,,
particle,ui_noel_break_cloth_2,ui.particle,714,,,,CLONE,ui_noel_break_cloth,
particle,ui_breathe,ui.particle,731,SMOKE_L,TOP,,,,
timeline,ui_noel_drip,ui.particle,758,,,_i;agR;aiming;drop;t;x;y,,ui_noel_drip_drop;ui_noel_drip_drop_s,
particle,ui_noel_drip,ui.particle,785,CIRCLE,TOP,,,,
timeline,ui_noel_drip_drop,ui.particle,821,,,,,,
particle,ui_noel_drip_drop,ui.particle,828,CIRCLE,,,,,
particle,ui_noel_drip_drop_s,ui.particle,849,,,,CLONE,ui_noel_drip_drop,
timeline,ui_dmg_bite,ui.particle,857,,,rot_agR;x;y,EF,dmg_bite_ui_circle_0;dmg_bite_ui_circle_1,bite_triangle_ui
timeline,ui_dmg_bite_manual,ui.particle,866,,,rot_agR;x;y,EF,dmg_bite_ui_circle_0;dmg_bite_ui_circle_1,bite_triangle_ui
particle,dmg_bite_ui_circle_0,ui.particle,873,CIRCLE,TOP_SUB,,,,
particle,dmg_bite_ui_circle_1,ui.particle,899,CIRCLE,TOP_SUB,,,,
particle,ui_plant_egg_circle,ui.particle,937,CIRCLE,TOP_SUB,,,,
particle,ui_plant_egg_line,ui.particle,963,LINE,,,CLONE,ui_plant_egg_circle,
particle,ui_laying_egg_circle,ui.particle,983,CIRCLE,TOP,,CLONE,ui_plant_egg_circle,
timeline,ui_dmg_gas,ui.particle,1002,,,col0,,ui_dmg_gas_smoke_under,
timeline,ui_dmg_gas_applied,ui.particle,1007,,,col0,,ui_dmg_gas_smoke_radiate,
particle,ui_dmg_gas_smoke_under,ui.particle,1013,SMOKE_L,,,,,
particle,ui_dmg_gas_smoke_radiate,ui.particle,1036,SMOKE_L,,,,,
timeline,ui_dmg_fire,ui.particle,1062,,,cx;cy,,ui_hit_fire;ui_hit_fire_hip;ui_hit_fire_smoke,
timeline,ui_dmg_fire_smashed,ui.particle,1069,,,,,ui_hit_fire_smoke,
timeline,ui_dmg_fire_absorbed,ui.particle,1074,,,cx;cy,,ui_hit_fire_absorbed;ui_hit_fire_absorbed_smoke,
particle,ui_hit_fire,ui.particle,1081,,TOP_ADD,,CLONE,pr_burned_poly,
particle,ui_hit_fire_absorbed,ui.particle,1098,,,,CLONE,ui_hit_fire,
particle,ui_hit_fire_smoke,ui.particle,1111,,TOP,,CLONE,ui_hit_fire,
particle,ui_hit_fire_absorbed_smoke,ui.particle,1125,,,,CLONE,ui_hit_fire_smoke,
particle,ui_hit_fire_hip,ui.particle,1138,,TOP_ADD,,CLONE,ui_hit_fire,
timeline,ui_dmg_bomb,ui.particle,1156,,,cx;cy,,ui_hit_bomb_bit;ui_hit_fire;ui_hit_fire_smoke,
particle,ui_hit_bomb_bit,ui.particle,1163,,,,CLONE,machine_die_smoke_red_bit,
timeline,ui_dmg_thunder,ui.particle,1171,,,,,ui_dmg_thunder_dot;ui_dmg_thunder_dot_sub;ui_dmg_thunder_line;ui_dmg_thunder_line_sub,
particle,ui_dmg_thunder_line,ui.particle,1181,,TOP,,CLONE,pr_hit_thunder_elec_release,
particle,ui_dmg_thunder_line_sub,ui.particle,1208,,TOP_SUB,,CLONE,ui_dmg_thunder_line,
particle,ui_dmg_thunder_dot,ui.particle,1215,,TOP_ADD,,CLONE,ui_hit_fire,
particle,ui_dmg_thunder_dot_sub,ui.particle,1239,,SUB,,CLONE,ui_dmg_thunder_dot,
timeline,ui_dmg_poison,ui.particle,1249,,,,,ui_dmg_poison_circle;ui_dmg_poison_circle_s,
particle,ui_dmg_poison_circle,ui.particle,1255,CIRCLE,TOP_MUL,,,,
particle,ui_dmg_poison_circle_s,ui.particle,1277,,,,CLONE,ui_dmg_poison_circle,
timeline,ui_dmg_cut,ui.particle,1284,,,rot_agR;x0;y0,EF,ui_dmg_cut_circle;ui_dmg_cut_circle_2,ui_dmg_cut
particle,ui_dmg_cut_circle,ui.particle,1294,CIRCLE,TOP_SUB,,,,
particle,ui_dmg_cut_circle_2,ui.particle,1332,,,,CLONE,ui_dmg_cut_circle,
timeline,ui_dmg_ice,ui.particle,1351,,,cx;cy,,ui_dmg_ice_line;ui_dmg_ice_smoke;ui_dmg_ice_snowdrop,
particle,ui_dmg_ice_smoke,ui.particle,1357,,,,CLONE,process_ser_frozen_smoke,
particle,ui_dmg_ice_line,ui.particle,1365,,,,CLONE,hit_frozen_line,
particle,ui_dmg_ice_snowdrop,ui.particle,1375,SNOWDROP,TOP_ADD,,,,
timeline,ui_dmg_acme,ui.particle,1400,,,_small;_to_under;agR;cx;cy,FOLLOW;SND;WAIT,ui_dmg_acme_circle;ui_dmg_acme_circle_f;ui_dmg_fear_elec;ui_dmg_fear_gas,
particle,ui_dmg_fear_gas,ui.particle,1427,SMOKE_L,TOP,,,,
particle,ui_dmg_fear_elec,ui.particle,1443,ELEC,TOP,,,,
particle,ui_dmg_acme_circle,ui.particle,1473,,,,CLONE,hit_acme_circle,
particle,ui_dmg_acme_circle_f,ui.particle,1479,,,,CLONE,hit_acme_circle_f,
timeline,ui_dmg_mud,ui.particle,1486,,,x0;y0,,ui_dmg_mud_circle;ui_dmg_mud_liquid,
timeline,ui_dmg_sperma,ui.particle,1494,,,x0;y0,,ui_dmg_sperma_circle;ui_dmg_sperma_liquid,
particle,ui_dmg_mud_liquid,ui.particle,1503,PARTICLE_SPLASH_F,TOP,,,,
particle,ui_dmg_mud_circle,ui.particle,1520,,TOP,,CLONE,ui_dmg_cut_circle,
particle,ui_dmg_sperma_liquid,ui.particle,1535,,,,CLONE,ui_dmg_mud_liquid,
particle,ui_dmg_sperma_circle,ui.particle,1541,,,,CLONE,ui_dmg_mud_circle,
timeline,dangerlv_add,ui.particle,1555,,,cx;cy,SND,dangerlv_add_cross,
particle,dangerlv_add_cross,ui.particle,1562,DOORLINE,,,,,
particle,ui_oc_slot_0,ui.particle,1585,POLYGON,,,,,
particle,ui_oc_slot_1,ui.particle,1598,DOT,,,,,
timeline,ui_ser_frozen,ui.particle,1617,,,,WAIT,ui_ser_frozen_kira;ui_ser_frozen_smoke;ui_ser_frozen_smoke_b,
timeline,ui_ser_poison,ui.particle,1628,,,,TE_COLORBLINK,ui_ser_poison_circle;ui_ser_poison_circle_s,
particle,ui_ser_poison_circle,ui.particle,1638,,,,CLONE,process_ser_poison_circle,
particle,ui_ser_poison_circle_s,ui.particle,1651,,MUL,,CLONE,ui_ser_poison_circle,
particle,ui_ser_frozen_smoke,ui.particle,1660,,TOP_ADD,,CLONE,process_ser_frozen_smoke,
particle,ui_ser_frozen_smoke_b,ui.particle,1676,,ADD,,CLONE,ui_ser_frozen_smoke,
timeline,ui_ser_stone,ui.particle,1683,,,,,ui_ser_stone_smoke,
particle,ui_ser_stone_smoke,ui.particle,1688,,TOP,,CLONE,ui_ser_frozen_smoke,
particle,ui_ser_frozen_kira,ui.particle,1697,DAIA,TOP_ADD,,,,
timeline,ui_vore_burned,ui.particle,1719,,,cx;cy,,ui_vore_burned_liquid;ui_vore_burned_smoke,
particle,ui_vore_burned_smoke,ui.particle,1726,,,,CLONE,frog_vore_fatal_dmg_smoke,
particle,ui_vore_burned_liquid,ui.particle,1739,PARTICLE_SPLASH,TOP_SUB,,,,
timeline,ui_kiss_to_bust_cow,ui.particle,1772,,,__rot;__x;__y;_lipef;_vi,DEFINE_BONE_POS;SND,ui_absorb_darken;ui_absorb_kiss;ui_hit_absorb;ui_hit_blood,
timeline,ui_wetten_milk_L,ui.particle,1807,,,__x;__y;__z;_i,FOLLOW;WAIT,ui_wetten_milk_splash_L;ui_wetten_milk_splash_hit,
timeline,ui_wetten_milk_R,ui.particle,1820,,,__x;__y;__z;_i,FOLLOW;WAIT,ui_wetten_milk_splash_R;ui_wetten_milk_splash_hit,
particle,ui_wetten_milk_splash_hit,ui.particle,1833,CIRCLE,TOP,,,,
particle,ui_wetten_milk_splash_L,ui.particle,1856,PARTICLE_SPLASH_F,TOP,,,,
particle,ui_wetten_milk_splash_R,ui.particle,1892,,,,CLONE,ui_wetten_milk_splash_L,
particle,ui_wetten_milk_splash_b,ui.particle,1903,PARTICLE_SPLASH_F,NORMAL,,CLONE,ui_wetten_milk_splash_L,
timeline,ui_in_stomach_1,ui.particle,1920,,,,QU_HANDSHAKE;QU_SINV,ui_in_stomach_smoke,
particle,ui_in_stomach_smoke,ui.particle,1933,SMOKE_L,TOP,,,,
timeline,ui_in_stomach_2,ui.particle,1959,,,,QU_HANDSHAKE;QU_SINH,ui_in_stomach_smoke,
timeline,ui_snd_1,ui.particle,1971,,,_cue,SND,,
timeline,ui_sinv,ui.particle,1981,,,,QU_HANDSHAKE;QU_SINV,,
timeline,ui_sinhv,ui.particle,1987,,,,QU_SINH;QU_SINV,,
timeline,ui_sinh,ui.particle,1992,,,,QU_SINH;QU_SINV,,
timeline,ui_hs,ui.particle,1997,,,,QU_HANDSHAKE,,
timeline,ui_flash,ui.particle,2001,,,t;x;y;z,EF,,flash_ui
timeline,ui_in_stomach_splash,ui.particle,2015,,,,SND,ui_in_stomach_splash_L,
particle,ui_in_stomach_splash,ui.particle,2022,CIRCLE,TOP,,,,
particle,ui_in_stomach_splash_L,ui.particle,2051,PARTICLE_SPLASH,TOP_MUL,,,,
timeline,ui_press_damage,ui.particle,2072,,,,,ui_press_damage_smoke,
particle,ui_press_damage_smoke,ui.particle,2079,SMOKE_L,TOP,,,,
particle,ui_layegg_cutin_circle,ui.particle,2101,CIRCLE,TOP,,,,
particle,ui_layegg_cutin_drip,ui.particle,2125,,,,CLONE,ui_layegg_cutin_circle,
particle,ui_layegg_cutin_drip_liquid,ui.particle,2146,CIRCLE,TOP,,,,
timeline,ui_cuts_eggremove_p1,ui.particle,2177,,,_i;_t;_x;_y,DEFINE_BONE_POS;HOLD;QU_SINH;QU_SINV;SND,ui_cuts_eggremove_p1_splash;ui_noel_drip,
particle,ui_cuts_eggremove_p1_splash,ui.particle,2200,CIRCLE,TOP,,,,
timeline,ui_cuts_eggremove_p2,ui.particle,2229,,,_x;_y,DEFINE_BONE_POS,ui_cuts_eggremove_p1_splash,
timeline,ui_cuts_eggremove_mgm_insert,ui.particle,2236,,,timing,EF;QU_SINH;SND;WAIT,ui_cuts_eggremove_mgm_insert_heart,flash_ui
timeline,eggremove_released,ui.particle,2258,,,egg_removed;pow,EF;QU_SINH;QU_SINV;SND,ui_cuts_eggremove_mgm_insert_heart,flash_ui
particle,ui_cuts_eggremove_mgm_insert_heart,ui.particle,2281,PARTICLE_HEART,TOP,,,,
timeline,ui_cuts_eggremove_mgm_finished,ui.particle,2300,,,,QU_HANDSHAKE;SND,fatal_liquid_white,
particle,ui_guildq_success_smoke,ui.particle,2309,SMOKE_L,,,CLONE,ground_bump_smoke_l,
particle,ui_guildq_success_unikira,ui.particle,2328,,TOP,,CLONE,get_coin_unikira_base,
particle,ui_status_fear_assigned,ui.particle,2348,POLYGON,TOP,,,,
particle,ui_magic_selector_learn_unlock,ui.particle,2374,CIRCLE,,,,,
particle,ui_magic_selector_learn_unlock_s,ui.particle,2395,,,,CLONE,ui_magic_selector_learn_unlock,
timeline,ui_ser_cocoon,ui.particle,2406,,,,EF;WAIT,,
timeline,mg_farm_milk_shot,ui_mgm_farm.particle,1,,,_quit;cnt_bs;cnt_circ;cnt_line;cnt_line2;mp_ratio,HOLD;SND;WAIT,mg_farm_milk_shot_bs;mg_farm_milk_shot_circle;mg_farm_milk_shot_line;mg_farm_milk_shot_line2,
particle,mg_farm_milk_shot_line,ui_mgm_farm.particle,47,STROKE,TOP,,,,
particle,mg_farm_milk_shot_line2,ui_mgm_farm.particle,73,,,,CLONE,mg_farm_milk_shot_line,
particle,mg_farm_milk_shot_circle,ui_mgm_farm.particle,86,CIRCLE,TOP,,,,
particle,mg_farm_milk_shot_bs,ui_mgm_farm.particle,110,BLURCIRCLE,TOP,,,,
timeline,mg_mini_fanfare,ui_mgm_farm.particle,131,,,cx;cy;grade,SND,general_circle_dot;general_circle_t;mg_mini_fanfare_bad_line;mg_mini_fanfare_great_circle;mg_mini_fanfare_great_line,
particle,mg_mini_fanfare_bad_line,ui_mgm_farm.particle,152,,,,CLONE,general_circle_dot,
particle,mg_mini_fanfare_great_line,ui_mgm_farm.particle,159,,,,CLONE,general_circle_dot,
particle,mg_mini_fanfare_great_circle,ui_mgm_farm.particle,168,,,,CLONE,general_circle_t,
timeline,cow_foot_big,ui_mgm_farm.particle,182,,,_ex_min;_slen_max;ax;by;cx;cy;sizex;sizey,SIZE;SND,ground_bump_smoke_l;ground_bump_smoke_r,
timeline,cow_attack_end,ui_mgm_farm.particle,195,,,_ex_min;_slen_max;ax;bx;by;cx;cy;i;sizex;sizey,MYPOS;SIZE;SND,ground_bump_smoke_l;ground_bump_smoke_r,
timeline,cow_grawl_aula,ui_mgm_farm.particle,215,,,cx;cy,,cow_grawl_aula_ripple,
particle,cow_grawl_aula_ripple,ui_mgm_farm.particle,219,,,,CLONE,overdrive_growl_ripple,
timeline,ui_rumble_smoke,ui_mgm_farm.particle,230,,,cnt,QU_HANDSHAKE;QU_VIB;SND,,
particle,ui_rumble_smoke,ui_mgm_farm.particle,248,SMOKE,TOP,,,,
timeline,ui_rumble_cow_splash,ui_mgm_farm.particle,276,,,,SND,fatal_liquid_white,
timeline,weather_wind,weather.particle,1,,,,WAIT,weather_wind_line,
particle,weather_wind_line,weather.particle,7,WIND,,,,,
timeline,weather_thunder,weather.particle,30,,,,EFT,,flash
timeline,weather_thunder_hit,weather.particle,36,,,agR;cx;cy;delay,SND,weather_thunder_hit_line;weather_thunder_hit_line_2,
particle,weather_thunder_hit_line,weather.particle,46,ELEC_LINE,ADD,,,,
particle,weather_thunder_hit_line_2,weather.particle,78,,,,CLONE,weather_thunder_hit_line,
timeline,weather_mist,weather.particle,89,,,,WAIT,weather_mist_img,
timeline,weather_mist_dense,weather.particle,95,,,,WAIT,weather_mist_img_dense,
particle,weather_mist_img,weather.particle,104,SMOKE_L,TOP,,,,
particle,weather_mist_img_dense,weather.particle,140,,,,CLONE,weather_mist_img,
timeline,weather_plague,weather.particle,152,,,,WAIT,weather_plague_circle,
particle,weather_plague_circle,weather.particle,157,BLURCIRCLE,TOP_SUB,,,,
timeline,weather_drought,weather.particle,188,,,,EFT,,tb_flash_add
